i,A_i,conservation,-,A,C,D,E,F,G,H,I,K,L,M,N,P,Q,R,S,T,V,W,Y
0,M,0.868,0.861,0.000,0.000,0.000,0.000,0.000,0.000,0.000,0.000,0.000,0.000,0.139,0.000,0.000,0.000,0.000,0.000,0.000,0.000,0.000,0.000
1,V,0.868,0.861,0.000,0.000,0.000,0.000,0.000,0.000,0.000,0.000,0.000,0.000,0.000,0.000,0.000,0.000,0.000,0.000,0.000,0.139,0.000,0.000
2,T,0.845,0.861,0.028,0.000,0.000,0.000,0.000,0.000,0.000,0.000,0.000,0.000,0.000,0.000,0.000,0.000,0.000,0.000,0.111,0.000,0.000,0.000
3,M,0.845,0.861,0.000,0.000,0.000,0.000,0.000,0.000,0.000,0.000,0.000,0.000,0.111,0.000,0.028,0.000,0.000,0.000,0.000,0.000,0.000,0.000
4,E,0.868,0.861,0.000,0.000,0.000,0.139,0.000,0.000,0.000,0.000,0.000,0.000,0.000,0.000,0.000,0.000,0.000,0.000,0.000,0.000,0.000,0.000
5,E,0.845,0.861,0.000,0.000,0.000,0.111,0.000,0.028,0.000,0.000,0.000,0.000,0.000,0.000,0.000,0.000,0.000,0.000,0.000,0.000,0.000,0.000
6,L,0.868,0.861,0.000,0.000,0.000,0.000,0.000,0.000,0.000,0.000,0.000,0.139,0.000,0.000,0.000,0.000,0.000,0.000,0.000,0.000,0.000,0.000
7,R,0.868,0.861,0.000,0.000,0.000,0.000,0.000,0.000,0.000,0.000,0.000,0.000,0.000,0.000,0.000,0.000,0.139,0.000,0.000,0.000,0.000,0.000
8,E,0.868,0.861,0.000,0.000,0.000,0.139,0.000,0.000,0.000,0.000,0.000,0.000,0.000,0.000,0.000,0.000,0.000,0.000,0.000,0.000,0.000,0.000
9,M,0.868,0.861,0.000,0.000,0.000,0.000,0.000,0.000,0.000,0.000,0.000,0.000,0.139,0.000,0.000,0.000,0.000,0.000,0.000,0.000,0.000,0.000
10,D,0.845,0.861,0.000,0.000,0.111,0.028,0.000,0.000,0.000,0.000,0.000,0.000,0.000,0.000,0.000,0.000,0.000,0.000,0.000,0.000,0.000,0.000
11,C,0.845,0.861,0.000,0.111,0.000,0.000,0.000,0.028,0.000,0.000,0.000,0.000,0.000,0.000,0.000,0.000,0.000,0.000,0.000,0.000,0.000,0.000
12,S,0.868,0.861,0.000,0.000,0.000,0.000,0.000,0.000,0.000,0.000,0.000,0.000,0.000,0.000,0.000,0.000,0.000,0.139,0.000,0.000,0.000,0.000
13,V,0.845,0.861,0.028,0.000,0.000,0.000,0.000,0.000,0.000,0.000,0.000,0.000,0.000,0.000,0.000,0.000,0.000,0.000,0.000,0.111,0.000,0.000
14,L,0.868,0.861,0.000,0.000,0.000,0.000,0.000,0.000,0.000,0.000,0.000,0.139,0.000,0.000,0.000,0.000,0.000,0.000,0.000,0.000,0.000,0.000
15,K,0.845,0.861,0.000,0.000,0.000,0.000,0.000,0.000,0.000,0.000,0.111,0.000,0.000,0.000,0.000,0.000,0.028,0.000,0.000,0.000,0.000,0.000
16,R,0.868,0.861,0.000,0.000,0.000,0.000,0.000,0.000,0.000,0.000,0.000,0.000,0.000,0.000,0.000,0.000,0.139,0.000,0.000,0.000,0.000,0.000
17,L,0.868,0.861,0.000,0.000,0.000,0.000,0.000,0.000,0.000,0.000,0.000,0.139,0.000,0.000,0.000,0.000,0.000,0.000,0.000,0.000,0.000,0.000
18,M,0.845,0.861,0.000,0.000,0.000,0.000,0.000,0.000,0.000,0.000,0.000,0.000,0.111,0.000,0.000,0.000,0.000,0.000,0.000,0.028,0.000,0.000
19,N,0.845,0.861,0.000,0.000,0.000,0.000,0.000,0.028,0.000,0.000,0.000,0.000,0.000,0.111,0.000,0.000,0.000,0.000,0.000,0.000,0.000,0.000
20,R,0.868,0.861,0.000,0.000,0.000,0.000,0.000,0.000,0.000,0.000,0.000,0.000,0.000,0.000,0.000,0.000,0.139,0.000,0.000,0.000,0.000,0.000
21,D,0.845,0.861,0.000,0.000,0.111,0.028,0.000,0.000,0.000,0.000,0.000,0.000,0.000,0.000,0.000,0.000,0.000,0.000,0.000,0.000,0.000,0.000
22,E,0.868,0.861,0.000,0.000,0.000,0.139,0.000,0.000,0.000,0.000,0.000,0.000,0.000,0.000,0.000,0.000,0.000,0.000,0.000,0.000,0.000,0.000
23,N,0.845,0.861,0.000,0.000,0.000,0.028,0.000,0.000,0.000,0.000,0.000,0.000,0.000,0.111,0.000,0.000,0.000,0.000,0.000,0.000,0.000,0.000
24,G,0.845,0.861,0.000,0.000,0.000,0.000,0.000,0.111,0.028,0.000,0.000,0.000,0.000,0.000,0.000,0.000,0.000,0.000,0.000,0.000,0.000,0.000
25,G,0.845,0.861,0.000,0.000,0.000,0.028,0.000,0.111,0.000,0.000,0.000,0.000,0.000,0.000,0.000,0.000,0.000,0.000,0.000,0.000,0.000,0.000
26,G,0.730,0.778,0.000,0.028,0.000,0.000,0.000,0.083,0.000,0.000,0.000,0.000,0.000,0.000,0.000,0.000,0.000,0.056,0.056,0.000,0.000,0.000
27,A,0.650,0.694,0.111,0.028,0.000,0.000,0.000,0.028,0.000,0.000,0.083,0.056,0.000,0.000,0.000,0.000,0.000,0.000,0.000,0.000,0.000,0.000
28,G,0.573,0.583,0.000,0.000,0.056,0.028,0.000,0.083,0.000,0.000,0.000,0.000,0.111,0.000,0.000,0.000,0.000,0.139,0.000,0.000,0.000,0.000
29,G,0.524,0.556,0.083,0.000,0.111,0.028,0.000,0.139,0.000,0.000,0.028,0.000,0.000,0.000,0.000,0.000,0.000,0.028,0.000,0.028,0.000,0.000
30,S,0.509,0.556,0.056,0.056,0.000,0.111,0.000,0.000,0.000,0.028,0.000,0.000,0.000,0.000,0.000,0.000,0.056,0.111,0.028,0.000,0.000,0.000
31,G,0.403,0.389,0.000,0.083,0.000,0.028,0.000,0.194,0.000,0.000,0.056,0.000,0.000,0.000,0.000,0.056,0.028,0.056,0.000,0.000,0.111,0.000
32,S,0.331,0.306,0.056,0.000,0.000,0.000,0.000,0.111,0.000,0.000,0.056,0.167,0.000,0.000,0.000,0.000,0.028,0.111,0.083,0.056,0.028,0.000
33,H,0.391,0.222,0.000,0.000,0.000,0.028,0.028,0.000,0.111,0.000,0.083,0.333,0.000,0.000,0.000,0.111,0.056,0.000,0.028,0.000,0.000,0.000
34,G,0.270,0.222,0.083,0.083,0.000,0.083,0.000,0.111,0.000,0.000,0.139,0.000,0.000,0.111,0.000,0.028,0.083,0.028,0.000,0.028,0.000,0.000
35,T,0.350,0.222,0.222,0.000,0.000,0.194,0.028,0.028,0.000,0.000,0.000,0.028,0.056,0.000,0.000,0.028,0.000,0.139,0.056,0.000,0.000,0.000
36,L,0.566,0.222,0.000,0.000,0.000,0.000,0.000,0.000,0.000,0.000,0.083,0.528,0.000,0.028,0.000,0.111,0.000,0.028,0.000,0.000,0.000,0.000
37,G,0.431,0.222,0.000,0.000,0.000,0.083,0.000,0.111,0.000,0.028,0.000,0.333,0.000,0.000,0.000,0.000,0.139,0.083,0.000,0.000,0.000,0.000
38,L,0.258,0.139,0.139,0.000,0.000,0.139,0.000,0.028,0.083,0.028,0.056,0.139,0.000,0.000,0.056,0.000,0.139,0.056,0.000,0.000,0.000,0.000
39,P,0.352,0.111,0.028,0.000,0.000,0.222,0.028,0.056,0.000,0.000,0.000,0.278,0.000,0.000,0.083,0.000,0.139,0.028,0.028,0.000,0.000,0.000
40,S,0.344,0.111,0.083,0.000,0.056,0.056,0.000,0.306,0.028,0.000,0.000,0.000,0.000,0.000,0.111,0.000,0.111,0.139,0.000,0.000,0.000,0.000
41,G,0.342,0.111,0.222,0.000,0.000,0.056,0.000,0.222,0.000,0.000,0.000,0.000,0.000,0.111,0.111,0.000,0.028,0.111,0.028,0.000,0.000,0.000
42,G,0.317,0.111,0.222,0.000,0.028,0.194,0.000,0.194,0.056,0.000,0.028,0.000,0.000,0.028,0.028,0.083,0.028,0.000,0.000,0.000,0.000,0.000
43,K,0.332,0.111,0.000,0.000,0.028,0.000,0.000,0.139,0.000,0.000,0.194,0.000,0.000,0.028,0.000,0.111,0.250,0.083,0.028,0.000,0.000,0.028
44,C,0.472,0.111,0.000,0.333,0.000,0.000,0.000,0.000,0.000,0.000,0.000,0.278,0.000,0.000,0.139,0.000,0.000,0.000,0.083,0.056,0.000,0.000
45,L,0.656,0.111,0.000,0.028,0.000,0.000,0.000,0.000,0.000,0.056,0.000,0.667,0.000,0.000,0.000,0.000,0.000,0.000,0.000,0.139,0.000,0.000
46,L,0.628,0.111,0.000,0.000,0.000,0.000,0.000,0.000,0.000,0.139,0.000,0.583,0.000,0.000,0.000,0.000,0.000,0.000,0.000,0.167,0.000,0.000
47,L,0.606,0.111,0.000,0.000,0.000,0.000,0.000,0.000,0.000,0.167,0.000,0.583,0.111,0.000,0.000,0.000,0.000,0.000,0.000,0.028,0.000,0.000
48,D,0.885,0.111,0.000,0.000,0.889,0.000,0.000,0.000,0.000,0.000,0.000,0.000,0.000,0.000,0.000,0.000,0.000,0.000,0.000,0.000,0.000,0.000
49,C,0.755,0.111,0.000,0.778,0.000,0.000,0.000,0.000,0.000,0.000,0.000,0.000,0.000,0.000,0.000,0.000,0.000,0.083,0.000,0.028,0.000,0.000
50,R,0.885,0.111,0.000,0.000,0.000,0.000,0.000,0.000,0.000,0.000,0.000,0.000,0.000,0.000,0.000,0.000,0.889,0.000,0.000,0.000,0.000,0.000
51,P,0.643,0.111,0.000,0.000,0.000,0.000,0.000,0.056,0.000,0.000,0.000,0.000,0.000,0.000,0.556,0.000,0.000,0.278,0.000,0.000,0.000,0.000
52,F,0.477,0.111,0.000,0.000,0.000,0.000,0.528,0.000,0.083,0.000,0.028,0.000,0.000,0.028,0.000,0.111,0.028,0.028,0.000,0.000,0.000,0.056
53,L,0.339,0.111,0.000,0.000,0.000,0.222,0.139,0.028,0.028,0.000,0.000,0.250,0.083,0.000,0.000,0.000,0.000,0.000,0.028,0.083,0.028,0.000
54,A,0.510,0.111,0.361,0.000,0.028,0.250,0.000,0.000,0.000,0.000,0.000,0.222,0.000,0.000,0.000,0.000,0.000,0.028,0.000,0.000,0.000,0.000
55,H,0.556,0.111,0.000,0.000,0.000,0.000,0.333,0.000,0.139,0.000,0.000,0.000,0.000,0.000,0.000,0.000,0.000,0.028,0.000,0.000,0.000,0.389
56,S,0.412,0.111,0.056,0.056,0.028,0.222,0.000,0.000,0.000,0.000,0.000,0.000,0.000,0.278,0.000,0.000,0.000,0.222,0.000,0.028,0.000,0.000
57,A,0.449,0.111,0.278,0.000,0.000,0.083,0.000,0.000,0.000,0.000,0.111,0.000,0.000,0.000,0.000,0.000,0.056,0.333,0.028,0.000,0.000,0.000
58,G,0.525,0.111,0.028,0.056,0.000,0.000,0.000,0.222,0.000,0.000,0.000,0.000,0.000,0.000,0.000,0.000,0.056,0.500,0.000,0.000,0.028,0.000
59,Y,0.575,0.111,0.028,0.000,0.000,0.000,0.000,0.000,0.611,0.000,0.000,0.000,0.000,0.028,0.000,0.000,0.028,0.083,0.000,0.000,0.000,0.111
60,I,0.683,0.111,0.000,0.000,0.000,0.000,0.000,0.000,0.000,0.639,0.000,0.000,0.000,0.028,0.000,0.000,0.000,0.000,0.000,0.222,0.000,0.000
61,L,0.349,0.111,0.056,0.000,0.000,0.194,0.000,0.028,0.000,0.056,0.000,0.139,0.000,0.000,0.000,0.083,0.278,0.000,0.000,0.056,0.000,0.000
62,G,0.474,0.111,0.056,0.000,0.000,0.028,0.028,0.472,0.028,0.000,0.000,0.000,0.000,0.000,0.000,0.000,0.000,0.167,0.111,0.000,0.000,0.000
63,S,0.650,0.111,0.472,0.000,0.000,0.000,0.028,0.000,0.000,0.000,0.000,0.000,0.000,0.000,0.000,0.000,0.000,0.389,0.000,0.000,0.000,0.000
64,V,0.428,0.111,0.000,0.028,0.000,0.000,0.000,0.000,0.000,0.222,0.000,0.139,0.028,0.000,0.000,0.000,0.056,0.056,0.000,0.361,0.000,0.000
65,N,0.625,0.111,0.000,0.000,0.000,0.000,0.000,0.000,0.083,0.000,0.000,0.000,0.000,0.667,0.056,0.000,0.028,0.056,0.000,0.000,0.000,0.000
66,V,0.592,0.111,0.028,0.000,0.000,0.000,0.000,0.000,0.000,0.167,0.000,0.139,0.000,0.000,0.000,0.000,0.000,0.000,0.000,0.556,0.000,0.000
67,R,0.407,0.111,0.222,0.083,0.000,0.000,0.028,0.000,0.000,0.000,0.028,0.000,0.000,0.167,0.056,0.000,0.306,0.000,0.000,0.000,0.000,0.000
68,C,0.427,0.111,0.000,0.306,0.000,0.000,0.111,0.000,0.000,0.222,0.028,0.167,0.000,0.000,0.000,0.000,0.000,0.000,0.000,0.000,0.056,0.000
69,N,0.475,0.111,0.083,0.000,0.000,0.000,0.000,0.000,0.000,0.000,0.028,0.000,0.000,0.250,0.278,0.000,0.000,0.250,0.000,0.000,0.000,0.000
70,T,0.369,0.111,0.111,0.000,0.083,0.000,0.000,0.194,0.000,0.000,0.111,0.000,0.000,0.028,0.000,0.000,0.000,0.083,0.278,0.000,0.000,0.000
71,I,0.624,0.139,0.000,0.000,0.000,0.000,0.000,0.000,0.000,0.500,0.000,0.306,0.000,0.000,0.000,0.000,0.000,0.000,0.000,0.056,0.000,0.000
72,V,0.513,0.111,0.000,0.000,0.000,0.000,0.000,0.000,0.000,0.028,0.000,0.333,0.028,0.028,0.000,0.000,0.000,0.083,0.000,0.389,0.000,0.000
73,R,0.618,0.111,0.000,0.000,0.000,0.028,0.000,0.000,0.000,0.000,0.139,0.056,0.000,0.000,0.000,0.028,0.639,0.000,0.000,0.000,0.000,0.000
74,R,0.845,0.111,0.000,0.000,0.000,0.000,0.000,0.000,0.000,0.000,0.000,0.000,0.000,0.000,0.000,0.000,0.861,0.000,0.000,0.000,0.000,0.028
75,R,0.704,0.111,0.000,0.000,0.000,0.000,0.000,0.000,0.000,0.000,0.000,0.278,0.000,0.000,0.000,0.000,0.611,0.000,0.000,0.000,0.000,0.000
76,A,0.535,0.111,0.417,0.000,0.000,0.000,0.000,0.000,0.000,0.000,0.000,0.083,0.000,0.000,0.000,0.278,0.111,0.000,0.000,0.000,0.000,0.000
77,K,0.485,0.111,0.000,0.000,0.028,0.000,0.000,0.000,0.000,0.000,0.472,0.000,0.028,0.000,0.028,0.167,0.139,0.000,0.000,0.028,0.000,0.000
78,G,0.777,0.111,0.000,0.000,0.056,0.028,0.000,0.806,0.000,0.000,0.000,0.000,0.000,0.000,0.000,0.000,0.000,0.000,0.000,0.000,0.000,0.000
79,S,0.454,0.111,0.222,0.000,0.000,0.000,0.000,0.028,0.000,0.000,0.194,0.000,0.000,0.194,0.000,0.000,0.000,0.250,0.000,0.000,0.000,0.000
80,V,0.403,0.111,0.056,0.028,0.000,0.000,0.000,0.000,0.000,0.111,0.000,0.222,0.139,0.000,0.000,0.000,0.000,0.028,0.000,0.306,0.000,0.000
81,S,0.322,0.111,0.028,0.000,0.056,0.000,0.000,0.139,0.000,0.000,0.000,0.056,0.028,0.000,0.194,0.000,0.000,0.222,0.139,0.028,0.000,0.000
82,L,0.499,0.111,0.056,0.000,0.000,0.000,0.000,0.000,0.000,0.194,0.000,0.389,0.000,0.000,0.000,0.000,0.028,0.000,0.000,0.222,0.000,0.000
83,E,0.448,0.111,0.139,0.000,0.000,0.306,0.000,0.000,0.028,0.000,0.000,0.111,0.000,0.000,0.000,0.000,0.278,0.000,0.028,0.000,0.000,0.000
84,Q,0.295,0.111,0.139,0.083,0.083,0.083,0.000,0.000,0.139,0.000,0.000,0.000,0.000,0.000,0.000,0.167,0.000,0.139,0.000,0.000,0.000,0.056
85,I,0.558,0.111,0.000,0.000,0.000,0.000,0.000,0.000,0.000,0.361,0.000,0.389,0.000,0.000,0.000,0.000,0.000,0.000,0.056,0.083,0.000,0.000
86,L,0.448,0.111,0.000,0.000,0.000,0.000,0.111,0.000,0.000,0.306,0.028,0.278,0.028,0.000,0.000,0.000,0.000,0.000,0.000,0.139,0.000,0.000
87,P,0.479,0.111,0.028,0.000,0.000,0.000,0.000,0.000,0.000,0.000,0.028,0.000,0.000,0.000,0.500,0.083,0.000,0.111,0.111,0.000,0.000,0.028
88,A,0.309,0.111,0.139,0.139,0.139,0.000,0.000,0.028,0.028,0.000,0.000,0.000,0.000,0.222,0.056,0.000,0.111,0.028,0.000,0.000,0.000,0.000
89,E,0.535,0.583,0.000,0.056,0.000,0.139,0.000,0.056,0.083,0.000,0.000,0.028,0.000,0.000,0.000,0.000,0.000,0.028,0.000,0.028,0.000,0.000
90,E,0.422,0.250,0.139,0.000,0.000,0.333,0.000,0.028,0.000,0.000,0.028,0.000,0.000,0.000,0.028,0.000,0.139,0.028,0.028,0.000,0.000,0.000
91,E,0.508,0.167,0.167,0.000,0.222,0.389,0.000,0.028,0.000,0.000,0.000,0.000,0.000,0.000,0.000,0.000,0.000,0.028,0.000,0.000,0.000,0.000
92,V,0.293,0.139,0.111,0.028,0.000,0.000,0.000,0.083,0.000,0.000,0.083,0.194,0.000,0.000,0.000,0.056,0.111,0.000,0.028,0.167,0.000,0.000
93,R,0.480,0.167,0.000,0.000,0.111,0.083,0.000,0.000,0.000,0.000,0.139,0.000,0.000,0.028,0.000,0.000,0.444,0.000,0.000,0.000,0.000,0.028
94,A,0.276,0.111,0.222,0.028,0.111,0.000,0.000,0.111,0.028,0.000,0.000,0.000,0.000,0.028,0.028,0.028,0.194,0.056,0.056,0.000,0.000,0.000
95,R,0.467,0.139,0.000,0.000,0.000,0.000,0.194,0.000,0.000,0.000,0.056,0.000,0.000,0.000,0.028,0.056,0.417,0.111,0.000,0.000,0.000,0.000
96,L,0.408,0.139,0.083,0.000,0.000,0.000,0.083,0.000,0.000,0.028,0.000,0.417,0.028,0.000,0.028,0.000,0.000,0.000,0.111,0.083,0.000,0.000
97,R,0.281,0.111,0.000,0.000,0.111,0.028,0.000,0.028,0.000,0.000,0.083,0.139,0.000,0.028,0.000,0.056,0.250,0.000,0.083,0.083,0.000,0.000
98,S,0.383,0.111,0.222,0.000,0.000,0.028,0.000,0.056,0.000,0.028,0.000,0.000,0.000,0.028,0.028,0.028,0.333,0.139,0.000,0.000,0.000,0.000
99,G,0.439,0.111,0.000,0.222,0.028,0.000,0.000,0.417,0.000,0.083,0.028,0.000,0.000,0.000,0.028,0.000,0.000,0.028,0.056,0.000,0.000,0.000
100,L,0.246,0.167,0.083,0.028,0.000,0.111,0.083,0.167,0.000,0.000,0.083,0.139,0.056,0.000,0.028,0.000,0.000,0.028,0.000,0.000,0.000,0.028
101,Y,0.354,0.139,0.083,0.000,0.000,0.000,0.000,0.000,0.000,0.000,0.000,0.111,0.000,0.000,0.083,0.000,0.000,0.111,0.139,0.056,0.000,0.278
102,S,0.252,0.111,0.222,0.028,0.139,0.056,0.000,0.000,0.083,0.000,0.083,0.028,0.000,0.000,0.028,0.083,0.000,0.111,0.028,0.000,0.000,0.000
103,A,0.369,0.111,0.333,0.000,0.056,0.139,0.000,0.000,0.000,0.000,0.028,0.028,0.000,0.000,0.028,0.000,0.056,0.000,0.194,0.000,0.028,0.000
104,V,0.671,0.111,0.056,0.000,0.000,0.000,0.028,0.000,0.000,0.111,0.000,0.000,0.000,0.000,0.000,0.000,0.000,0.000,0.000,0.694,0.000,0.000
105,I,0.589,0.111,0.000,0.000,0.000,0.000,0.000,0.000,0.000,0.222,0.000,0.194,0.000,0.000,0.000,0.000,0.000,0.000,0.000,0.472,0.000,0.000
106,V,0.650,0.111,0.000,0.000,0.000,0.000,0.000,0.000,0.000,0.000,0.000,0.472,0.000,0.000,0.000,0.000,0.000,0.000,0.000,0.389,0.000,0.028
107,Y,0.601,0.111,0.028,0.000,0.000,0.000,0.000,0.000,0.000,0.028,0.028,0.250,0.000,0.000,0.000,0.000,0.000,0.000,0.000,0.000,0.000,0.556
108,D,0.765,0.111,0.000,0.000,0.806,0.028,0.000,0.000,0.000,0.000,0.000,0.000,0.000,0.028,0.028,0.000,0.000,0.000,0.000,0.000,0.000,0.000
109,E,0.642,0.111,0.000,0.000,0.028,0.639,0.000,0.056,0.000,0.000,0.000,0.000,0.000,0.000,0.000,0.167,0.000,0.000,0.000,0.000,0.000,0.000
110,R,0.366,0.111,0.111,0.000,0.083,0.028,0.000,0.083,0.000,0.000,0.000,0.000,0.000,0.139,0.000,0.000,0.278,0.167,0.000,0.000,0.000,0.000
111,S,0.538,0.083,0.000,0.000,0.028,0.028,0.000,0.028,0.000,0.000,0.028,0.000,0.000,0.000,0.000,0.028,0.000,0.500,0.278,0.000,0.000,0.000
112,P,0.332,0.056,0.250,0.000,0.056,0.028,0.000,0.000,0.000,0.000,0.000,0.000,0.000,0.083,0.194,0.028,0.111,0.167,0.000,0.028,0.000,0.000
113,R,0.314,0.056,0.056,0.000,0.194,0.250,0.000,0.000,0.056,0.028,0.000,0.028,0.000,0.000,0.028,0.028,0.167,0.111,0.000,0.000,0.000,0.000
114,A,0.278,0.056,0.222,0.000,0.056,0.000,0.000,0.056,0.000,0.028,0.028,0.139,0.000,0.111,0.167,0.000,0.000,0.000,0.000,0.083,0.056,0.000
115,E,0.438,0.056,0.083,0.000,0.139,0.417,0.000,0.000,0.000,0.000,0.028,0.000,0.000,0.028,0.000,0.083,0.000,0.167,0.000,0.000,0.000,0.000
116,S,0.209,0.056,0.028,0.000,0.028,0.083,0.000,0.083,0.000,0.000,0.083,0.000,0.056,0.139,0.083,0.028,0.083,0.194,0.000,0.056,0.000,0.000
117,L,0.414,0.056,0.083,0.000,0.000,0.000,0.000,0.111,0.000,0.000,0.000,0.444,0.000,0.000,0.000,0.056,0.028,0.000,0.111,0.083,0.028,0.000
118,R,0.299,0.056,0.139,0.000,0.028,0.056,0.000,0.139,0.000,0.000,0.111,0.000,0.028,0.000,0.028,0.000,0.306,0.056,0.028,0.028,0.000,0.000
119,E,0.267,0.056,0.111,0.000,0.028,0.167,0.000,0.111,0.000,0.000,0.111,0.000,0.028,0.000,0.222,0.000,0.083,0.028,0.028,0.028,0.000,0.000
120,D,0.523,0.056,0.139,0.000,0.472,0.194,0.000,0.000,0.000,0.028,0.000,0.000,0.000,0.000,0.000,0.000,0.000,0.111,0.000,0.000,0.000,0.000
121,S,0.533,0.056,0.000,0.028,0.028,0.000,0.000,0.111,0.000,0.000,0.028,0.056,0.000,0.000,0.000,0.111,0.000,0.583,0.000,0.000,0.000,0.000
122,T,0.372,0.056,0.083,0.000,0.000,0.000,0.083,0.000,0.000,0.056,0.000,0.000,0.000,0.000,0.139,0.028,0.000,0.000,0.278,0.250,0.028,0.000
123,V,0.487,0.056,0.139,0.000,0.028,0.000,0.000,0.000,0.000,0.028,0.000,0.500,0.083,0.000,0.000,0.000,0.028,0.000,0.000,0.139,0.000,0.000
124,S,0.301,0.056,0.139,0.000,0.000,0.028,0.000,0.222,0.139,0.000,0.028,0.000,0.056,0.028,0.000,0.000,0.083,0.194,0.028,0.000,0.000,0.000
125,L,0.568,0.056,0.000,0.000,0.000,0.028,0.000,0.000,0.000,0.194,0.000,0.528,0.000,0.000,0.000,0.000,0.000,0.000,0.028,0.167,0.000,0.000
126,V,0.533,0.056,0.139,0.000,0.000,0.056,0.000,0.000,0.000,0.000,0.028,0.417,0.000,0.000,0.000,0.000,0.000,0.000,0.000,0.306,0.000,0.000
127,V,0.547,0.056,0.083,0.000,0.000,0.000,0.000,0.000,0.028,0.000,0.000,0.583,0.000,0.000,0.000,0.000,0.028,0.028,0.000,0.167,0.000,0.028
128,Q,0.283,0.056,0.056,0.000,0.000,0.139,0.000,0.139,0.000,0.000,0.111,0.000,0.000,0.083,0.000,0.222,0.083,0.056,0.056,0.000,0.000,0.000
129,A,0.496,0.056,0.333,0.000,0.000,0.000,0.000,0.000,0.056,0.000,0.333,0.000,0.000,0.000,0.000,0.000,0.083,0.139,0.000,0.000,0.000,0.000
130,L,0.807,0.056,0.000,0.000,0.000,0.000,0.028,0.000,0.000,0.028,0.000,0.861,0.000,0.000,0.000,0.000,0.000,0.000,0.000,0.000,0.000,0.028
131,R,0.364,0.056,0.000,0.111,0.056,0.083,0.000,0.000,0.000,0.000,0.222,0.139,0.000,0.000,0.000,0.028,0.278,0.028,0.000,0.000,0.000,0.000
132,R,0.360,0.056,0.056,0.000,0.222,0.028,0.000,0.056,0.083,0.000,0.028,0.028,0.000,0.000,0.000,0.056,0.361,0.000,0.028,0.000,0.000,0.000
133,N,0.378,0.056,0.000,0.111,0.194,0.361,0.028,0.000,0.000,0.000,0.056,0.000,0.000,0.111,0.000,0.000,0.028,0.028,0.028,0.000,0.000,0.000
134,A,0.305,0.056,0.194,0.000,0.028,0.000,0.083,0.333,0.000,0.000,0.028,0.083,0.056,0.000,0.028,0.028,0.000,0.028,0.028,0.028,0.000,0.000
135,E,0.454,0.472,0.083,0.000,0.000,0.111,0.000,0.056,0.000,0.000,0.056,0.056,0.000,0.000,0.000,0.000,0.139,0.000,0.028,0.000,0.000,0.000
136,R,0.447,0.472,0.028,0.000,0.000,0.000,0.028,0.139,0.028,0.000,0.056,0.000,0.000,0.000,0.056,0.000,0.139,0.056,0.000,0.000,0.000,0.000
137,T,0.266,0.056,0.056,0.222,0.083,0.028,0.000,0.000,0.028,0.000,0.083,0.000,0.000,0.028,0.056,0.000,0.028,0.056,0.250,0.000,0.000,0.028
138,D,0.288,0.056,0.028,0.000,0.139,0.083,0.000,0.000,0.000,0.000,0.056,0.028,0.000,0.000,0.056,0.167,0.222,0.139,0.028,0.000,0.000,0.000
139,I,0.540,0.056,0.222,0.000,0.000,0.000,0.000,0.000,0.000,0.222,0.000,0.000,0.000,0.000,0.083,0.000,0.000,0.000,0.000,0.417,0.000,0.000
140,C,0.299,0.056,0.056,0.139,0.000,0.000,0.194,0.000,0.028,0.028,0.028,0.083,0.028,0.000,0.000,0.000,0.056,0.000,0.000,0.028,0.000,0.278
141,L,0.393,0.056,0.028,0.000,0.000,0.000,0.250,0.000,0.000,0.111,0.000,0.194,0.000,0.000,0.000,0.000,0.000,0.000,0.028,0.111,0.000,0.222
142,L,0.847,0.056,0.000,0.000,0.000,0.028,0.000,0.000,0.000,0.000,0.000,0.889,0.000,0.000,0.000,0.000,0.000,0.000,0.000,0.000,0.000,0.028
143,K,0.436,0.056,0.056,0.000,0.000,0.139,0.000,0.000,0.000,0.000,0.389,0.028,0.000,0.000,0.000,0.222,0.056,0.000,0.056,0.000,0.000,0.000
144,G,0.807,0.056,0.000,0.000,0.028,0.000,0.000,0.861,0.000,0.028,0.000,0.000,0.000,0.000,0.000,0.000,0.000,0.028,0.000,0.000,0.000,0.000
145,G,0.847,0.056,0.000,0.000,0.000,0.000,0.000,0.889,0.000,0.000,0.028,0.000,0.000,0.000,0.000,0.028,0.000,0.000,0.000,0.000,0.000,0.000
146,Y,0.642,0.056,0.000,0.000,0.000,0.000,0.472,0.000,0.000,0.000,0.000,0.083,0.000,0.000,0.000,0.000,0.000,0.000,0.000,0.000,0.000,0.389
147,E,0.398,0.056,0.083,0.000,0.056,0.361,0.000,0.000,0.000,0.000,0.056,0.000,0.000,0.111,0.028,0.028,0.000,0.222,0.000,0.000,0.000,0.000
148,R,0.314,0.056,0.083,0.000,0.000,0.056,0.000,0.028,0.000,0.000,0.194,0.000,0.000,0.028,0.000,0.056,0.194,0.111,0.194,0.000,0.000,0.000
149,F,0.847,0.056,0.000,0.000,0.000,0.000,0.889,0.000,0.000,0.028,0.000,0.028,0.000,0.000,0.000,0.000,0.000,0.000,0.000,0.000,0.000,0.000
150,S,0.480,0.056,0.056,0.000,0.000,0.000,0.000,0.000,0.000,0.000,0.083,0.000,0.000,0.000,0.000,0.333,0.056,0.361,0.000,0.000,0.000,0.056
151,S,0.387,0.056,0.250,0.000,0.028,0.000,0.000,0.056,0.000,0.000,0.028,0.000,0.000,0.000,0.000,0.167,0.028,0.278,0.111,0.000,0.000,0.000
152,E,0.370,0.056,0.056,0.111,0.028,0.389,0.000,0.000,0.000,0.000,0.000,0.000,0.000,0.083,0.000,0.139,0.000,0.083,0.028,0.000,0.000,0.028
153,Y,0.473,0.056,0.028,0.222,0.000,0.000,0.222,0.000,0.083,0.000,0.000,0.000,0.000,0.000,0.000,0.000,0.000,0.028,0.000,0.000,0.000,0.361
154,P,0.535,0.056,0.083,0.000,0.028,0.056,0.000,0.028,0.028,0.000,0.000,0.000,0.000,0.000,0.583,0.000,0.000,0.139,0.000,0.000,0.000,0.000
155,E,0.411,0.056,0.000,0.000,0.056,0.472,0.056,0.083,0.028,0.000,0.000,0.111,0.000,0.083,0.000,0.028,0.028,0.000,0.000,0.000,0.000,0.000
156,F,0.467,0.056,0.000,0.056,0.000,0.000,0.194,0.000,0.194,0.000,0.000,0.417,0.028,0.028,0.000,0.000,0.000,0.000,0.000,0.000,0.028,0.000
157,C,0.807,0.056,0.000,0.861,0.000,0.000,0.000,0.000,0.000,0.000,0.000,0.000,0.000,0.000,0.000,0.000,0.028,0.028,0.000,0.000,0.028,0.000
158,S,0.406,0.056,0.028,0.000,0.083,0.361,0.000,0.000,0.000,0.000,0.000,0.000,0.000,0.083,0.000,0.028,0.000,0.250,0.056,0.056,0.000,0.000
159,K,0.342,0.056,0.000,0.000,0.083,0.056,0.000,0.083,0.000,0.000,0.278,0.000,0.000,0.083,0.028,0.056,0.000,0.028,0.250,0.000,0.000,0.000
160,T,0.323,0.056,0.083,0.000,0.028,0.028,0.000,0.000,0.000,0.000,0.111,0.000,0.000,0.250,0.000,0.083,0.000,0.167,0.167,0.028,0.000,0.000
161,K,0.279,0.056,0.000,0.000,0.000,0.028,0.028,0.111,0.000,0.028,0.194,0.111,0.000,0.056,0.111,0.000,0.000,0.194,0.000,0.083,0.000,0.000
162,A,0.317,0.056,0.250,0.000,0.083,0.000,0.000,0.028,0.000,0.028,0.000,0.000,0.000,0.028,0.111,0.139,0.000,0.139,0.139,0.000,0.000,0.000
163,L,0.272,0.056,0.028,0.111,0.000,0.000,0.000,0.028,0.000,0.056,0.000,0.250,0.056,0.000,0.194,0.056,0.000,0.083,0.056,0.000,0.028,0.000
164,A,0.334,0.222,0.111,0.000,0.000,0.028,0.000,0.000,0.028,0.000,0.000,0.000,0.056,0.028,0.000,0.083,0.028,0.306,0.056,0.056,0.000,0.000
165,A,0.411,0.139,0.250,0.000,0.000,0.083,0.000,0.111,0.000,0.000,0.000,0.028,0.000,0.000,0.000,0.056,0.028,0.306,0.000,0.000,0.000,0.000
166,I,0.368,0.083,0.000,0.083,0.000,0.056,0.000,0.028,0.000,0.167,0.028,0.278,0.056,0.000,0.000,0.000,0.000,0.222,0.000,0.000,0.000,0.000
167,P,0.505,0.083,0.000,0.000,0.000,0.028,0.000,0.000,0.000,0.000,0.056,0.000,0.000,0.000,0.389,0.000,0.083,0.333,0.000,0.028,0.000,0.000
168,P,0.405,0.250,0.000,0.000,0.000,0.083,0.000,0.028,0.000,0.056,0.000,0.167,0.000,0.000,0.278,0.000,0.000,0.111,0.000,0.028,0.000,0.000
169,P,0.380,0.250,0.028,0.000,0.000,0.083,0.000,0.056,0.000,0.000,0.000,0.000,0.028,0.028,0.361,0.028,0.000,0.028,0.028,0.083,0.000,0.000
170,V,0.413,0.222,0.056,0.000,0.000,0.000,0.000,0.167,0.000,0.000,0.000,0.250,0.000,0.000,0.000,0.000,0.000,0.139,0.028,0.139,0.000,0.000
171,P,0.425,0.167,0.028,0.028,0.028,0.056,0.000,0.083,0.000,0.000,0.000,0.000,0.000,0.000,0.389,0.028,0.000,0.194,0.000,0.000,0.000,0.000
172,P,0.260,0.083,0.028,0.000,0.000,0.139,0.000,0.111,0.000,0.000,0.028,0.000,0.056,0.000,0.167,0.056,0.056,0.139,0.139,0.000,0.000,0.000
173,S,0.389,0.111,0.167,0.028,0.111,0.000,0.000,0.028,0.000,0.000,0.028,0.000,0.000,0.083,0.000,0.028,0.000,0.389,0.028,0.000,0.000,0.000
174,A,0.301,0.111,0.056,0.000,0.111,0.028,0.000,0.000,0.000,0.028,0.000,0.250,0.000,0.028,0.000,0.028,0.000,0.167,0.056,0.139,0.000,0.000
175,T,0.281,0.139,0.139,0.000,0.111,0.000,0.000,0.000,0.000,0.028,0.000,0.028,0.000,0.111,0.139,0.000,0.139,0.111,0.056,0.000,0.000,0.000
176,E,0.320,0.139,0.083,0.000,0.111,0.222,0.000,0.056,0.000,0.000,0.000,0.000,0.000,0.028,0.000,0.083,0.111,0.167,0.000,0.000,0.000,0.000
177,P,0.441,0.194,0.000,0.000,0.139,0.000,0.000,0.000,0.000,0.000,0.028,0.083,0.000,0.000,0.139,0.056,0.000,0.361,0.000,0.000,0.000,0.000
178,L,0.389,0.278,0.167,0.083,0.000,0.000,0.000,0.028,0.000,0.000,0.000,0.139,0.028,0.000,0.194,0.000,0.000,0.083,0.000,0.000,0.000,0.000
179,D,0.363,0.250,0.000,0.000,0.194,0.139,0.000,0.056,0.000,0.000,0.000,0.056,0.056,0.111,0.000,0.000,0.000,0.139,0.000,0.000,0.000,0.000
180,L,0.501,0.250,0.000,0.028,0.000,0.000,0.000,0.000,0.000,0.000,0.056,0.250,0.000,0.000,0.000,0.028,0.000,0.361,0.000,0.028,0.000,0.000
181,G,0.466,0.278,0.194,0.000,0.000,0.028,0.000,0.250,0.000,0.000,0.000,0.000,0.000,0.083,0.167,0.000,0.000,0.000,0.000,0.000,0.000,0.000
182,C,0.436,0.194,0.000,0.361,0.000,0.000,0.028,0.000,0.000,0.000,0.000,0.083,0.028,0.000,0.000,0.083,0.000,0.000,0.194,0.028,0.000,0.000
183,S,0.451,0.278,0.000,0.000,0.139,0.083,0.000,0.000,0.000,0.000,0.000,0.000,0.000,0.056,0.028,0.000,0.000,0.333,0.083,0.000,0.000,0.000
184,S,0.426,0.222,0.056,0.000,0.056,0.028,0.000,0.000,0.028,0.056,0.000,0.000,0.000,0.000,0.056,0.000,0.000,0.417,0.000,0.083,0.000,0.000
185,C,0.395,0.194,0.028,0.278,0.222,0.000,0.000,0.000,0.028,0.000,0.000,0.028,0.000,0.000,0.139,0.000,0.000,0.056,0.028,0.000,0.000,0.000
186,G,0.403,0.167,0.000,0.000,0.000,0.000,0.000,0.417,0.028,0.000,0.000,0.000,0.000,0.028,0.028,0.028,0.056,0.139,0.056,0.000,0.000,0.056
187,T,0.347,0.028,0.028,0.000,0.000,0.028,0.000,0.056,0.000,0.028,0.000,0.083,0.000,0.000,0.028,0.056,0.056,0.222,0.361,0.028,0.000,0.000
188,P,0.739,0.028,0.000,0.000,0.000,0.000,0.000,0.056,0.028,0.028,0.000,0.056,0.000,0.000,0.806,0.000,0.000,0.000,0.000,0.000,0.000,0.000
189,L,0.388,0.028,0.056,0.000,0.111,0.000,0.000,0.028,0.028,0.056,0.028,0.389,0.000,0.028,0.000,0.000,0.000,0.000,0.028,0.222,0.000,0.000
190,H,0.274,0.028,0.056,0.000,0.000,0.000,0.028,0.083,0.139,0.083,0.000,0.000,0.000,0.028,0.139,0.028,0.028,0.111,0.000,0.000,0.000,0.250
191,D,0.439,0.000,0.000,0.000,0.417,0.111,0.028,0.000,0.000,0.000,0.000,0.000,0.000,0.028,0.000,0.222,0.056,0.083,0.000,0.028,0.000,0.028
192,Q,0.501,0.111,0.056,0.000,0.000,0.000,0.000,0.000,0.000,0.000,0.000,0.000,0.000,0.111,0.194,0.472,0.000,0.028,0.028,0.000,0.000,0.000
193,G,0.394,0.028,0.167,0.000,0.000,0.056,0.000,0.389,0.000,0.056,0.000,0.028,0.000,0.000,0.028,0.000,0.028,0.167,0.000,0.056,0.000,0.000
194,G,0.521,0.000,0.028,0.000,0.000,0.083,0.250,0.500,0.000,0.028,0.000,0.000,0.000,0.000,0.000,0.028,0.000,0.000,0.000,0.028,0.000,0.056
195,P,0.787,0.000,0.000,0.028,0.000,0.000,0.000,0.000,0.000,0.028,0.000,0.139,0.000,0.000,0.806,0.000,0.000,0.000,0.000,0.000,0.000,0.000
196,V,0.673,0.000,0.000,0.000,0.028,0.000,0.000,0.000,0.000,0.028,0.000,0.000,0.000,0.000,0.000,0.000,0.000,0.083,0.194,0.667,0.000,0.000
197,E,0.590,0.000,0.000,0.000,0.000,0.611,0.000,0.000,0.000,0.000,0.028,0.056,0.000,0.000,0.083,0.139,0.083,0.000,0.000,0.000,0.000,0.000
198,I,0.958,0.000,0.000,0.000,0.000,0.000,0.000,0.000,0.000,0.972,0.000,0.028,0.000,0.000,0.000,0.000,0.000,0.000,0.000,0.000,0.000,0.000
199,L,0.737,0.000,0.000,0.000,0.000,0.000,0.000,0.000,0.000,0.111,0.000,0.778,0.000,0.000,0.000,0.000,0.028,0.000,0.056,0.028,0.000,0.000
200,P,0.807,0.000,0.000,0.000,0.028,0.000,0.000,0.000,0.000,0.000,0.028,0.000,0.000,0.028,0.861,0.000,0.000,0.056,0.000,0.000,0.000,0.000
201,F,0.560,0.000,0.000,0.000,0.000,0.000,0.583,0.028,0.056,0.000,0.056,0.028,0.000,0.083,0.000,0.000,0.000,0.000,0.000,0.000,0.000,0.167
202,L,0.888,0.000,0.000,0.000,0.000,0.000,0.000,0.000,0.000,0.056,0.000,0.917,0.000,0.000,0.000,0.000,0.000,0.000,0.000,0.028,0.000,0.000
203,Y,0.838,0.000,0.000,0.000,0.000,0.000,0.194,0.000,0.000,0.000,0.000,0.000,0.000,0.000,0.000,0.000,0.000,0.000,0.000,0.000,0.000,0.806
204,L,0.930,0.000,0.000,0.000,0.000,0.000,0.000,0.000,0.000,0.000,0.000,0.944,0.000,0.000,0.000,0.000,0.000,0.000,0.000,0.056,0.000,0.000
205,G,0.958,0.000,0.000,0.000,0.000,0.000,0.000,0.972,0.000,0.000,0.000,0.000,0.000,0.000,0.000,0.000,0.000,0.028,0.000,0.000,0.000,0.000
206,S,0.606,0.000,0.000,0.250,0.000,0.000,0.000,0.083,0.000,0.000,0.000,0.000,0.000,0.167,0.000,0.000,0.000,0.500,0.000,0.000,0.000,0.000
207,A,0.587,0.000,0.639,0.056,0.000,0.083,0.028,0.000,0.000,0.000,0.000,0.056,0.000,0.000,0.000,0.111,0.028,0.000,0.000,0.000,0.000,0.000
208,Y,0.361,0.028,0.000,0.000,0.028,0.083,0.000,0.000,0.000,0.028,0.250,0.000,0.000,0.028,0.000,0.083,0.056,0.056,0.028,0.000,0.000,0.333
209,H,0.564,0.000,0.028,0.028,0.417,0.000,0.000,0.000,0.417,0.000,0.000,0.000,0.000,0.028,0.000,0.028,0.000,0.028,0.028,0.000,0.000,0.000
210,A,0.708,0.000,0.583,0.000,0.000,0.000,0.000,0.000,0.000,0.000,0.000,0.000,0.000,0.000,0.000,0.000,0.000,0.333,0.000,0.083,0.000,0.000
211,A,0.342,0.000,0.167,0.056,0.000,0.000,0.000,0.028,0.000,0.000,0.028,0.139,0.028,0.028,0.000,0.083,0.000,0.250,0.194,0.000,0.000,0.000
212,R,0.568,0.000,0.000,0.000,0.222,0.000,0.000,0.000,0.000,0.000,0.056,0.000,0.000,0.417,0.000,0.000,0.278,0.028,0.000,0.000,0.000,0.000
213,R,0.457,0.000,0.028,0.056,0.000,0.028,0.000,0.000,0.000,0.000,0.250,0.361,0.000,0.000,0.056,0.000,0.194,0.028,0.000,0.000,0.000,0.000
214,D,0.572,0.000,0.000,0.000,0.611,0.167,0.000,0.000,0.000,0.000,0.028,0.000,0.000,0.000,0.028,0.083,0.028,0.028,0.028,0.000,0.000,0.000
215,M,0.342,0.000,0.028,0.000,0.000,0.000,0.056,0.056,0.000,0.056,0.000,0.083,0.306,0.000,0.000,0.028,0.000,0.028,0.083,0.250,0.028,0.000
216,L,0.812,0.000,0.000,0.000,0.000,0.000,0.000,0.000,0.000,0.000,0.000,0.806,0.167,0.000,0.000,0.028,0.000,0.000,0.000,0.000,0.000,0.000
217,D,0.354,0.000,0.083,0.000,0.278,0.139,0.000,0.083,0.000,0.028,0.111,0.000,0.000,0.000,0.000,0.194,0.000,0.028,0.056,0.000,0.000,0.000
218,A,0.380,0.000,0.333,0.000,0.056,0.111,0.000,0.000,0.000,0.000,0.167,0.000,0.000,0.083,0.000,0.083,0.111,0.000,0.056,0.000,0.000,0.000
219,L,0.580,0.000,0.000,0.056,0.000,0.000,0.139,0.000,0.000,0.000,0.000,0.556,0.000,0.111,0.000,0.000,0.000,0.000,0.000,0.000,0.000,0.139
220,G,0.618,0.000,0.000,0.028,0.028,0.000,0.000,0.667,0.056,0.000,0.056,0.000,0.000,0.139,0.000,0.000,0.000,0.028,0.000,0.000,0.000,0.000
221,I,0.917,0.028,0.000,0.000,0.000,0.000,0.000,0.000,0.000,0.944,0.000,0.000,0.000,0.000,0.000,0.000,0.000,0.000,0.000,0.028,0.000,0.000
222,T,0.544,0.028,0.000,0.000,0.000,0.000,0.000,0.111,0.000,0.000,0.250,0.000,0.000,0.000,0.000,0.000,0.028,0.111,0.472,0.000,0.000,0.000
223,A,0.627,0.000,0.417,0.000,0.000,0.000,0.000,0.000,0.111,0.000,0.000,0.000,0.000,0.000,0.000,0.000,0.000,0.000,0.000,0.056,0.000,0.417
224,L,0.578,0.000,0.000,0.028,0.000,0.000,0.000,0.000,0.028,0.278,0.000,0.361,0.000,0.000,0.000,0.000,0.000,0.000,0.000,0.306,0.000,0.000
225,L,0.734,0.000,0.000,0.000,0.000,0.000,0.000,0.000,0.000,0.306,0.000,0.639,0.000,0.000,0.000,0.000,0.000,0.000,0.000,0.056,0.000,0.000
226,N,0.917,0.000,0.000,0.000,0.000,0.000,0.000,0.000,0.000,0.000,0.000,0.028,0.000,0.944,0.000,0.000,0.000,0.000,0.028,0.000,0.000,0.000
227,V,0.777,0.000,0.111,0.000,0.000,0.000,0.000,0.000,0.000,0.000,0.000,0.056,0.028,0.000,0.000,0.000,0.000,0.000,0.000,0.806,0.000,0.000
228,S,0.663,0.000,0.056,0.000,0.000,0.000,0.000,0.000,0.000,0.056,0.000,0.000,0.000,0.000,0.000,0.000,0.000,0.528,0.361,0.000,0.000,0.000
229,S,0.374,0.000,0.194,0.000,0.000,0.000,0.000,0.056,0.000,0.000,0.000,0.000,0.056,0.111,0.278,0.000,0.056,0.167,0.083,0.000,0.000,0.000
230,D,0.418,0.000,0.000,0.000,0.222,0.028,0.028,0.028,0.083,0.000,0.000,0.000,0.000,0.389,0.000,0.000,0.056,0.111,0.056,0.000,0.000,0.000
231,C,0.630,0.028,0.000,0.472,0.000,0.000,0.028,0.000,0.000,0.000,0.000,0.389,0.000,0.000,0.000,0.000,0.000,0.000,0.083,0.000,0.000,0.000
232,P,0.727,0.000,0.000,0.000,0.028,0.028,0.000,0.028,0.000,0.000,0.028,0.000,0.000,0.000,0.806,0.000,0.028,0.056,0.000,0.000,0.000,0.000
233,N,0.567,0.000,0.000,0.000,0.028,0.056,0.000,0.000,0.000,0.000,0.111,0.028,0.000,0.611,0.083,0.000,0.000,0.000,0.000,0.000,0.000,0.083
234,H,0.413,0.000,0.139,0.000,0.083,0.000,0.083,0.000,0.417,0.000,0.028,0.139,0.000,0.000,0.000,0.000,0.000,0.056,0.028,0.028,0.000,0.000
235,F,0.721,0.000,0.028,0.056,0.000,0.000,0.750,0.000,0.000,0.028,0.000,0.000,0.000,0.000,0.000,0.000,0.000,0.000,0.000,0.000,0.000,0.139
236,E,0.625,0.000,0.056,0.000,0.000,0.667,0.000,0.000,0.000,0.083,0.056,0.000,0.000,0.000,0.111,0.000,0.000,0.000,0.028,0.000,0.000,0.000
237,G,0.613,0.000,0.000,0.056,0.028,0.028,0.000,0.694,0.028,0.000,0.028,0.000,0.000,0.000,0.083,0.000,0.000,0.000,0.056,0.000,0.000,0.000
238,H,0.512,0.000,0.000,0.000,0.111,0.278,0.000,0.000,0.361,0.000,0.000,0.194,0.000,0.028,0.000,0.000,0.000,0.000,0.028,0.000,0.000,0.000
239,Y,0.498,0.000,0.028,0.000,0.000,0.000,0.472,0.000,0.000,0.028,0.028,0.056,0.056,0.000,0.000,0.000,0.000,0.083,0.000,0.000,0.000,0.250
240,Q,0.448,0.000,0.000,0.000,0.000,0.000,0.000,0.000,0.139,0.000,0.278,0.000,0.000,0.111,0.000,0.278,0.111,0.000,0.083,0.000,0.000,0.000
241,Y,0.805,0.000,0.000,0.000,0.000,0.000,0.111,0.000,0.000,0.000,0.000,0.028,0.000,0.000,0.000,0.000,0.000,0.000,0.000,0.028,0.000,0.833
242,K,0.673,0.000,0.000,0.000,0.000,0.000,0.000,0.000,0.000,0.000,0.694,0.139,0.083,0.000,0.000,0.000,0.000,0.000,0.000,0.028,0.000,0.056
243,C,0.434,0.000,0.000,0.139,0.000,0.000,0.000,0.000,0.056,0.028,0.000,0.000,0.000,0.000,0.000,0.250,0.250,0.222,0.000,0.000,0.056,0.000
244,I,0.777,0.000,0.028,0.000,0.000,0.000,0.000,0.000,0.000,0.806,0.000,0.111,0.000,0.000,0.000,0.000,0.000,0.000,0.000,0.056,0.000,0.000
245,P,0.807,0.000,0.000,0.000,0.028,0.000,0.000,0.000,0.000,0.000,0.000,0.000,0.000,0.056,0.861,0.000,0.028,0.028,0.000,0.000,0.000,0.000
246,V,0.618,0.000,0.139,0.000,0.000,0.000,0.000,0.000,0.000,0.361,0.000,0.056,0.000,0.000,0.000,0.000,0.000,0.000,0.000,0.444,0.000,0.000
247,E,0.477,0.000,0.000,0.000,0.083,0.417,0.000,0.000,0.000,0.000,0.000,0.000,0.000,0.111,0.000,0.028,0.028,0.222,0.111,0.000,0.000,0.000
248,D,1.000,0.000,0.000,0.000,1.000,0.000,0.000,0.000,0.000,0.000,0.000,0.000,0.000,0.000,0.000,0.000,0.000,0.000,0.000,0.000,0.000,0.000
249,N,0.551,0.000,0.028,0.000,0.000,0.000,0.000,0.000,0.250,0.000,0.000,0.000,0.000,0.389,0.000,0.000,0.028,0.278,0.000,0.028,0.000,0.000
250,H,0.370,0.000,0.028,0.000,0.028,0.028,0.028,0.000,0.333,0.000,0.000,0.000,0.000,0.083,0.083,0.056,0.000,0.000,0.000,0.000,0.222,0.111
251,K,0.468,0.000,0.000,0.083,0.000,0.056,0.000,0.000,0.000,0.000,0.389,0.000,0.056,0.000,0.000,0.056,0.000,0.278,0.083,0.000,0.000,0.000
252,A,0.529,0.000,0.417,0.000,0.000,0.111,0.000,0.000,0.028,0.000,0.000,0.000,0.000,0.000,0.000,0.333,0.000,0.000,0.028,0.056,0.000,0.028
253,D,0.594,0.000,0.000,0.000,0.417,0.056,0.000,0.000,0.000,0.000,0.111,0.000,0.000,0.389,0.000,0.028,0.000,0.000,0.000,0.000,0.000,0.000
254,I,0.773,0.000,0.000,0.000,0.000,0.000,0.000,0.000,0.000,0.528,0.000,0.472,0.000,0.000,0.000,0.000,0.000,0.000,0.000,0.000,0.000,0.000
255,S,0.650,0.000,0.028,0.000,0.000,0.000,0.000,0.000,0.000,0.000,0.000,0.111,0.000,0.000,0.000,0.000,0.083,0.694,0.028,0.000,0.000,0.056
256,S,0.478,0.000,0.056,0.000,0.000,0.028,0.000,0.000,0.000,0.028,0.028,0.000,0.000,0.000,0.167,0.333,0.028,0.333,0.000,0.000,0.000,0.000
257,W,0.575,0.000,0.000,0.000,0.000,0.000,0.278,0.000,0.167,0.000,0.000,0.000,0.000,0.000,0.000,0.000,0.000,0.000,0.000,0.000,0.417,0.139
258,F,0.845,0.000,0.000,0.000,0.000,0.000,0.861,0.000,0.000,0.000,0.000,0.111,0.000,0.000,0.000,0.000,0.000,0.000,0.000,0.000,0.028,0.000
259,M,0.365,0.000,0.028,0.000,0.083,0.139,0.000,0.000,0.000,0.000,0.028,0.000,0.139,0.139,0.306,0.111,0.028,0.000,0.000,0.000,0.000,0.000
260,E,0.665,0.000,0.000,0.000,0.028,0.750,0.000,0.000,0.028,0.000,0.083,0.000,0.028,0.028,0.028,0.028,0.000,0.000,0.000,0.000,0.000,0.000
261,A,0.730,0.000,0.778,0.000,0.000,0.000,0.000,0.000,0.000,0.000,0.000,0.000,0.056,0.000,0.000,0.000,0.000,0.083,0.028,0.056,0.000,0.000
262,I,0.690,0.000,0.000,0.028,0.000,0.000,0.083,0.000,0.000,0.750,0.000,0.000,0.000,0.056,0.000,0.000,0.000,0.000,0.000,0.028,0.000,0.056
263,E,0.440,0.000,0.000,0.028,0.222,0.333,0.000,0.028,0.028,0.000,0.028,0.000,0.000,0.000,0.000,0.056,0.000,0.250,0.028,0.000,0.000,0.000
264,Y,0.827,0.000,0.000,0.000,0.000,0.028,0.833,0.000,0.000,0.000,0.000,0.000,0.000,0.000,0.000,0.000,0.000,0.000,0.000,0.000,0.000,0.139
265,I,0.958,0.000,0.000,0.000,0.000,0.000,0.000,0.000,0.000,0.972,0.000,0.028,0.000,0.000,0.000,0.000,0.000,0.000,0.000,0.000,0.000,0.000
266,D,0.776,0.000,0.000,0.000,0.722,0.250,0.000,0.000,0.000,0.000,0.000,0.000,0.000,0.028,0.000,0.000,0.000,0.000,0.000,0.000,0.000,0.000
267,A,0.438,0.000,0.111,0.056,0.056,0.389,0.000,0.000,0.000,0.028,0.111,0.000,0.000,0.000,0.000,0.000,0.000,0.222,0.000,0.000,0.028,0.000
268,V,0.548,0.000,0.472,0.056,0.000,0.000,0.000,0.056,0.028,0.111,0.000,0.000,0.000,0.000,0.000,0.000,0.000,0.000,0.000,0.278,0.000,0.000
269,K,0.649,0.000,0.000,0.000,0.000,0.000,0.000,0.000,0.111,0.000,0.444,0.028,0.000,0.000,0.000,0.000,0.417,0.000,0.000,0.000,0.000,0.000
270,D,0.232,0.000,0.028,0.000,0.167,0.111,0.000,0.111,0.028,0.000,0.083,0.056,0.000,0.111,0.000,0.083,0.056,0.139,0.028,0.000,0.000,0.000
271,C,0.394,0.000,0.139,0.250,0.000,0.028,0.000,0.028,0.000,0.000,0.250,0.028,0.000,0.028,0.000,0.056,0.000,0.194,0.000,0.000,0.000,0.000
272,R,0.415,0.056,0.028,0.028,0.028,0.000,0.000,0.417,0.000,0.000,0.083,0.000,0.000,0.167,0.000,0.000,0.111,0.083,0.000,0.000,0.000,0.000
273,G,0.624,0.000,0.000,0.278,0.000,0.000,0.000,0.528,0.000,0.000,0.111,0.000,0.000,0.000,0.000,0.000,0.000,0.083,0.000,0.000,0.000,0.000
274,R,0.520,0.000,0.028,0.028,0.000,0.000,0.000,0.361,0.000,0.000,0.083,0.000,0.000,0.000,0.000,0.056,0.389,0.000,0.000,0.056,0.000,0.000
275,V,0.757,0.000,0.028,0.056,0.000,0.000,0.000,0.000,0.000,0.028,0.000,0.083,0.000,0.000,0.000,0.000,0.000,0.000,0.000,0.806,0.000,0.000
276,L,0.800,0.000,0.000,0.000,0.000,0.000,0.139,0.000,0.000,0.056,0.000,0.806,0.000,0.000,0.000,0.000,0.000,0.000,0.000,0.000,0.000,0.000
277,V,0.799,0.000,0.000,0.000,0.000,0.000,0.000,0.000,0.000,0.194,0.000,0.028,0.000,0.000,0.000,0.000,0.000,0.000,0.000,0.778,0.000,0.000
278,H,0.917,0.000,0.000,0.000,0.000,0.000,0.028,0.000,0.944,0.000,0.000,0.028,0.000,0.000,0.000,0.000,0.000,0.000,0.000,0.000,0.000,0.000
279,C,0.958,0.000,0.000,0.972,0.000,0.000,0.000,0.000,0.000,0.000,0.000,0.000,0.000,0.000,0.000,0.000,0.000,0.028,0.000,0.000,0.000,0.000
280,Q,0.569,0.000,0.056,0.000,0.000,0.056,0.000,0.000,0.000,0.000,0.000,0.389,0.000,0.000,0.000,0.417,0.056,0.000,0.028,0.000,0.000,0.000
281,A,0.888,0.000,0.917,0.000,0.000,0.000,0.000,0.000,0.000,0.000,0.000,0.000,0.056,0.000,0.000,0.028,0.000,0.000,0.000,0.000,0.000,0.000
282,G,1.000,0.000,0.000,0.000,0.000,0.000,0.000,1.000,0.000,0.000,0.000,0.000,0.000,0.000,0.000,0.000,0.000,0.000,0.000,0.000,0.000,0.000
283,I,0.838,0.000,0.000,0.000,0.000,0.000,0.000,0.000,0.000,0.806,0.000,0.000,0.000,0.000,0.000,0.000,0.000,0.000,0.000,0.194,0.000,0.000
284,S,1.000,0.000,0.000,0.000,0.000,0.000,0.000,0.000,0.000,0.000,0.000,0.000,0.000,0.000,0.000,0.000,0.000,1.000,0.000,0.000,0.000,0.000
285,R,1.000,0.000,0.000,0.000,0.000,0.000,0.000,0.000,0.000,0.000,0.000,0.000,0.000,0.000,0.000,0.000,1.000,0.000,0.000,0.000,0.000,0.000
286,S,1.000,0.000,0.000,0.000,0.000,0.000,0.000,0.000,0.000,0.000,0.000,0.000,0.000,0.000,0.000,0.000,0.000,1.000,0.000,0.000,0.000,0.000
287,A,0.610,0.000,0.556,0.028,0.000,0.000,0.000,0.000,0.000,0.000,0.000,0.000,0.000,0.000,0.083,0.000,0.000,0.028,0.028,0.278,0.000,0.000
288,T,0.958,0.000,0.028,0.000,0.000,0.000,0.000,0.000,0.000,0.000,0.000,0.000,0.000,0.000,0.000,0.000,0.000,0.000,0.972,0.000,0.000,0.000
289,I,0.642,0.000,0.056,0.000,0.000,0.000,0.028,0.000,0.000,0.583,0.000,0.056,0.000,0.000,0.000,0.000,0.000,0.000,0.000,0.278,0.000,0.000
290,C,0.528,0.000,0.111,0.417,0.000,0.000,0.000,0.028,0.000,0.028,0.000,0.000,0.000,0.000,0.000,0.000,0.000,0.000,0.278,0.139,0.000,0.000
291,L,0.599,0.000,0.000,0.000,0.000,0.000,0.000,0.000,0.000,0.306,0.000,0.417,0.056,0.000,0.000,0.000,0.000,0.000,0.000,0.222,0.000,0.000
292,A,0.930,0.000,0.944,0.000,0.000,0.000,0.000,0.000,0.000,0.000,0.000,0.000,0.000,0.000,0.000,0.000,0.000,0.056,0.000,0.000,0.000,0.000
293,Y,1.000,0.000,0.000,0.000,0.000,0.000,0.000,0.000,0.000,0.000,0.000,0.000,0.000,0.000,0.000,0.000,0.000,0.000,0.000,0.000,0.000,1.000
294,L,0.827,0.000,0.000,0.000,0.000,0.000,0.000,0.000,0.000,0.139,0.000,0.833,0.000,0.000,0.000,0.000,0.000,0.000,0.000,0.028,0.000,0.000
295,M,0.958,0.000,0.000,0.000,0.000,0.000,0.000,0.000,0.000,0.028,0.000,0.000,0.972,0.000,0.000,0.000,0.000,0.000,0.000,0.000,0.000,0.000
296,M,0.513,0.000,0.000,0.000,0.000,0.000,0.000,0.000,0.056,0.000,0.306,0.000,0.167,0.000,0.000,0.306,0.167,0.000,0.000,0.000,0.000,0.000
297,K,0.491,0.000,0.000,0.000,0.000,0.028,0.000,0.000,0.083,0.000,0.389,0.000,0.000,0.000,0.000,0.000,0.028,0.083,0.306,0.000,0.000,0.083
298,K,0.325,0.000,0.000,0.000,0.028,0.056,0.000,0.000,0.028,0.000,0.194,0.139,0.194,0.194,0.000,0.028,0.056,0.000,0.083,0.000,0.000,0.000
299,R,0.420,0.000,0.000,0.000,0.028,0.028,0.000,0.083,0.056,0.000,0.056,0.000,0.028,0.194,0.000,0.056,0.444,0.028,0.000,0.000,0.000,0.000
300,V,0.501,0.000,0.000,0.028,0.000,0.000,0.056,0.000,0.000,0.000,0.028,0.250,0.250,0.000,0.000,0.028,0.000,0.000,0.000,0.361,0.000,0.000
301,R,0.523,0.000,0.000,0.000,0.000,0.000,0.000,0.028,0.000,0.000,0.194,0.000,0.000,0.000,0.000,0.000,0.222,0.333,0.222,0.000,0.000,0.000
302,L,0.648,0.000,0.000,0.000,0.000,0.000,0.056,0.000,0.000,0.000,0.000,0.639,0.194,0.000,0.000,0.000,0.000,0.083,0.000,0.000,0.000,0.028
303,E,0.422,0.000,0.000,0.000,0.333,0.139,0.000,0.000,0.028,0.000,0.083,0.000,0.000,0.250,0.000,0.056,0.000,0.028,0.083,0.000,0.000,0.000
304,E,0.633,0.000,0.000,0.000,0.472,0.417,0.000,0.000,0.000,0.000,0.028,0.000,0.000,0.000,0.000,0.028,0.028,0.028,0.000,0.000,0.000,0.000
305,A,0.930,0.000,0.944,0.000,0.000,0.000,0.000,0.000,0.000,0.000,0.000,0.000,0.000,0.000,0.000,0.000,0.000,0.056,0.000,0.000,0.000,0.000
306,F,0.702,0.000,0.000,0.000,0.000,0.000,0.472,0.000,0.000,0.000,0.000,0.000,0.028,0.000,0.000,0.000,0.000,0.000,0.000,0.000,0.028,0.472
307,E,0.513,0.000,0.056,0.000,0.361,0.333,0.000,0.000,0.000,0.000,0.111,0.000,0.000,0.000,0.000,0.000,0.111,0.000,0.028,0.000,0.000,0.000
308,F,0.580,0.000,0.028,0.000,0.000,0.000,0.611,0.000,0.000,0.139,0.000,0.056,0.028,0.000,0.000,0.000,0.000,0.000,0.000,0.000,0.028,0.111
309,V,0.847,0.000,0.000,0.028,0.000,0.000,0.000,0.000,0.000,0.056,0.000,0.000,0.000,0.000,0.000,0.000,0.000,0.000,0.028,0.889,0.000,0.000
310,K,0.824,0.000,0.000,0.000,0.000,0.000,0.000,0.000,0.000,0.028,0.861,0.000,0.000,0.000,0.000,0.083,0.028,0.000,0.000,0.000,0.000,0.000
311,Q,0.398,0.000,0.000,0.000,0.083,0.056,0.000,0.083,0.000,0.000,0.083,0.028,0.111,0.000,0.000,0.417,0.111,0.028,0.000,0.000,0.000,0.000
312,R,0.670,0.000,0.028,0.028,0.000,0.000,0.000,0.028,0.000,0.000,0.389,0.000,0.000,0.000,0.000,0.000,0.528,0.000,0.000,0.000,0.000,0.000
313,R,0.767,0.000,0.000,0.000,0.000,0.000,0.000,0.000,0.000,0.000,0.278,0.000,0.000,0.028,0.000,0.000,0.694,0.000,0.000,0.000,0.000,0.000
314,S,0.649,0.000,0.028,0.000,0.000,0.000,0.000,0.056,0.000,0.000,0.000,0.000,0.000,0.056,0.250,0.000,0.000,0.611,0.000,0.000,0.000,0.000
315,I,0.421,0.000,0.000,0.028,0.028,0.000,0.000,0.000,0.000,0.389,0.000,0.000,0.028,0.250,0.000,0.028,0.028,0.111,0.028,0.083,0.000,0.000
316,I,0.865,0.000,0.000,0.000,0.000,0.000,0.000,0.000,0.000,0.889,0.000,0.000,0.028,0.000,0.000,0.000,0.000,0.000,0.000,0.083,0.000,0.000
317,S,0.767,0.000,0.028,0.056,0.000,0.000,0.000,0.000,0.000,0.000,0.000,0.000,0.000,0.028,0.000,0.028,0.000,0.833,0.000,0.000,0.000,0.028
318,P,1.000,0.000,0.000,0.000,0.000,0.000,0.000,0.000,0.000,0.000,0.000,0.000,0.000,0.000,1.000,0.000,0.000,0.000,0.000,0.000,0.000,0.000
319,N,1.000,0.000,0.000,0.000,0.000,0.000,0.000,0.000,0.000,0.000,0.000,0.000,0.000,1.000,0.000,0.000,0.000,0.000,0.000,0.000,0.000,0.000
320,F,0.757,0.000,0.000,0.000,0.000,0.000,0.806,0.000,0.000,0.000,0.000,0.083,0.000,0.000,0.028,0.000,0.056,0.000,0.000,0.028,0.000,0.000
321,S,0.603,0.000,0.000,0.000,0.000,0.000,0.000,0.194,0.056,0.000,0.000,0.000,0.000,0.417,0.000,0.000,0.000,0.333,0.000,0.000,0.000,0.000
322,F,0.958,0.000,0.000,0.000,0.000,0.000,0.972,0.000,0.000,0.000,0.000,0.028,0.000,0.000,0.000,0.000,0.000,0.000,0.000,0.000,0.000,0.000
323,M,0.737,0.000,0.000,0.000,0.000,0.000,0.028,0.000,0.000,0.000,0.028,0.111,0.778,0.000,0.000,0.000,0.000,0.000,0.000,0.056,0.000,0.000
324,G,0.767,0.000,0.000,0.000,0.028,0.000,0.000,0.833,0.000,0.000,0.028,0.000,0.000,0.028,0.000,0.056,0.000,0.028,0.000,0.000,0.000,0.000
325,Q,1.000,0.000,0.000,0.000,0.000,0.000,0.000,0.000,0.000,0.000,0.000,0.000,0.000,0.000,0.000,1.000,0.000,0.000,0.000,0.000,0.000,0.000
326,L,1.000,0.000,0.000,0.000,0.000,0.000,0.000,0.000,0.000,0.000,0.000,1.000,0.000,0.000,0.000,0.000,0.000,0.000,0.000,0.000,0.000,0.000
327,L,0.847,0.000,0.000,0.000,0.000,0.000,0.000,0.000,0.000,0.028,0.056,0.889,0.000,0.000,0.000,0.000,0.000,0.000,0.028,0.000,0.000,0.000
328,Q,0.569,0.000,0.000,0.000,0.333,0.194,0.000,0.000,0.000,0.000,0.056,0.000,0.000,0.000,0.000,0.389,0.000,0.028,0.000,0.000,0.000,0.000
329,F,0.712,0.000,0.000,0.000,0.000,0.000,0.667,0.000,0.000,0.000,0.000,0.056,0.000,0.000,0.000,0.000,0.000,0.000,0.000,0.000,0.028,0.250
330,E,0.958,0.000,0.000,0.000,0.000,0.972,0.000,0.000,0.000,0.000,0.000,0.000,0.000,0.000,0.000,0.028,0.000,0.000,0.000,0.000,0.000,0.000
331,S,0.443,0.000,0.028,0.000,0.000,0.083,0.000,0.000,0.000,0.000,0.111,0.000,0.000,0.028,0.000,0.056,0.278,0.361,0.056,0.000,0.000,0.000
332,Q,0.402,0.000,0.000,0.000,0.111,0.056,0.000,0.000,0.028,0.000,0.083,0.000,0.028,0.000,0.000,0.361,0.000,0.083,0.222,0.028,0.000,0.000
333,V,0.692,0.000,0.000,0.000,0.000,0.000,0.000,0.000,0.000,0.111,0.000,0.556,0.000,0.000,0.000,0.000,0.000,0.000,0.000,0.333,0.000,0.000
334,L,0.436,0.000,0.000,0.000,0.000,0.000,0.028,0.222,0.000,0.028,0.083,0.417,0.000,0.083,0.000,0.000,0.083,0.028,0.028,0.000,0.000,0.000
335,A,0.398,0.028,0.222,0.083,0.000,0.000,0.000,0.056,0.000,0.000,0.028,0.361,0.000,0.111,0.056,0.000,0.000,0.000,0.056,0.000,0.000,0.000
336,T,0.403,0.417,0.000,0.000,0.056,0.056,0.000,0.000,0.000,0.000,0.028,0.000,0.000,0.028,0.139,0.028,0.028,0.056,0.167,0.000,0.000,0.000
337,S,0.536,0.222,0.000,0.000,0.028,0.028,0.000,0.000,0.111,0.000,0.000,0.000,0.000,0.028,0.000,0.000,0.000,0.528,0.028,0.000,0.028,0.000
338,C,0.412,0.250,0.000,0.333,0.000,0.028,0.000,0.028,0.000,0.056,0.000,0.000,0.028,0.028,0.000,0.000,0.028,0.194,0.000,0.028,0.000,0.000
339,A,0.379,0.278,0.167,0.000,0.000,0.000,0.000,0.000,0.028,0.000,0.028,0.056,0.000,0.000,0.194,0.056,0.028,0.167,0.000,0.000,0.000,0.000
340,A,0.388,0.278,0.250,0.194,0.000,0.000,0.000,0.056,0.000,0.028,0.000,0.000,0.000,0.028,0.000,0.056,0.000,0.056,0.000,0.056,0.000,0.000
341,E,0.514,0.278,0.000,0.000,0.222,0.361,0.000,0.056,0.000,0.000,0.000,0.000,0.000,0.000,0.000,0.056,0.000,0.028,0.000,0.000,0.000,0.000
342,A,0.462,0.278,0.361,0.000,0.028,0.028,0.000,0.000,0.000,0.000,0.028,0.000,0.000,0.194,0.028,0.000,0.000,0.028,0.028,0.000,0.000,0.000
343,A,0.355,0.278,0.194,0.000,0.000,0.000,0.000,0.139,0.111,0.000,0.028,0.028,0.000,0.000,0.000,0.028,0.139,0.028,0.000,0.000,0.000,0.028
344,S,0.381,0.278,0.056,0.000,0.000,0.000,0.000,0.056,0.028,0.000,0.028,0.000,0.000,0.028,0.028,0.000,0.028,0.333,0.028,0.111,0.000,0.000
345,P,0.609,0.278,0.000,0.000,0.000,0.000,0.000,0.000,0.000,0.000,0.056,0.000,0.000,0.000,0.472,0.000,0.000,0.194,0.000,0.000,0.000,0.000
346,S,0.403,0.278,0.139,0.000,0.000,0.000,0.000,0.028,0.028,0.000,0.000,0.056,0.000,0.028,0.000,0.028,0.000,0.278,0.139,0.000,0.000,0.000
347,G,0.267,0.278,0.056,0.000,0.000,0.083,0.028,0.167,0.000,0.056,0.028,0.028,0.083,0.028,0.028,0.111,0.028,0.000,0.000,0.000,0.000,0.000
348,P,0.360,0.278,0.083,0.000,0.000,0.000,0.000,0.000,0.028,0.056,0.028,0.028,0.000,0.000,0.139,0.250,0.000,0.083,0.028,0.000,0.000,0.000
349,L,0.423,0.278,0.028,0.028,0.000,0.000,0.000,0.056,0.000,0.000,0.000,0.361,0.028,0.028,0.000,0.028,0.028,0.000,0.000,0.139,0.000,0.000
350,R,0.360,0.278,0.000,0.000,0.028,0.000,0.000,0.000,0.083,0.000,0.000,0.139,0.000,0.056,0.000,0.000,0.139,0.056,0.028,0.000,0.000,0.194
351,E,0.378,0.278,0.028,0.000,0.139,0.139,0.194,0.000,0.000,0.000,0.000,0.139,0.000,0.028,0.028,0.000,0.000,0.000,0.000,0.000,0.000,0.028
352,R,0.574,0.528,0.028,0.000,0.000,0.028,0.000,0.000,0.000,0.000,0.000,0.000,0.000,0.028,0.000,0.000,0.278,0.083,0.000,0.000,0.000,0.028
353,G,0.587,0.528,0.028,0.028,0.000,0.000,0.000,0.306,0.000,0.000,0.028,0.000,0.000,0.028,0.000,0.000,0.000,0.056,0.000,0.000,0.000,0.000
354,K,0.559,0.556,0.000,0.000,0.000,0.000,0.000,0.000,0.000,0.000,0.139,0.000,0.000,0.083,0.056,0.000,0.028,0.000,0.139,0.000,0.000,0.000
355,T,0.507,0.500,0.083,0.000,0.000,0.000,0.000,0.000,0.000,0.000,0.000,0.000,0.000,0.083,0.028,0.056,0.000,0.194,0.056,0.000,0.000,0.000
356,P,0.568,0.500,0.000,0.000,0.028,0.028,0.000,0.000,0.000,0.000,0.000,0.000,0.000,0.028,0.083,0.000,0.028,0.000,0.306,0.000,0.000,0.000
357,A,0.450,0.306,0.056,0.000,0.000,0.000,0.000,0.000,0.000,0.000,0.028,0.083,0.000,0.000,0.083,0.000,0.000,0.139,0.306,0.000,0.000,0.000
358,T,0.565,0.472,0.028,0.028,0.000,0.000,0.000,0.028,0.000,0.000,0.000,0.000,0.000,0.000,0.000,0.000,0.000,0.083,0.333,0.028,0.000,0.000
359,P,0.680,0.444,0.000,0.000,0.000,0.000,0.000,0.000,0.000,0.056,0.000,0.000,0.000,0.028,0.472,0.000,0.000,0.000,0.000,0.000,0.000,0.000
360,T,0.501,0.444,0.028,0.000,0.083,0.000,0.000,0.000,0.000,0.000,0.000,0.000,0.000,0.028,0.056,0.000,0.000,0.111,0.250,0.000,0.000,0.000
361,S,0.490,0.444,0.000,0.000,0.000,0.000,0.000,0.000,0.000,0.000,0.028,0.028,0.056,0.222,0.000,0.000,0.000,0.167,0.028,0.028,0.000,0.000
362,Q,0.568,0.500,0.000,0.000,0.028,0.000,0.000,0.000,0.083,0.000,0.000,0.000,0.028,0.000,0.000,0.306,0.028,0.028,0.000,0.000,0.000,0.000
363,F,0.441,0.361,0.000,0.000,0.000,0.000,0.139,0.083,0.000,0.000,0.056,0.000,0.000,0.194,0.000,0.000,0.000,0.028,0.139,0.000,0.000,0.000
364,V,0.545,0.361,0.083,0.000,0.000,0.000,0.000,0.000,0.000,0.000,0.028,0.111,0.000,0.000,0.000,0.000,0.000,0.028,0.000,0.389,0.000,0.000
365,F,0.562,0.361,0.000,0.000,0.000,0.000,0.389,0.000,0.000,0.000,0.000,0.028,0.000,0.028,0.000,0.000,0.028,0.000,0.000,0.000,0.000,0.167
366,S,0.440,0.361,0.000,0.000,0.000,0.028,0.000,0.000,0.000,0.000,0.000,0.000,0.000,0.167,0.083,0.139,0.000,0.167,0.056,0.000,0.000,0.000
367,F,0.543,0.389,0.000,0.000,0.000,0.000,0.333,0.000,0.000,0.083,0.000,0.083,0.000,0.000,0.000,0.000,0.000,0.000,0.000,0.111,0.000,0.000
368,P,0.556,0.389,0.000,0.000,0.139,0.000,0.000,0.000,0.000,0.028,0.000,0.000,0.000,0.111,0.333,0.000,0.000,0.000,0.000,0.000,0.000,0.000
369,V,0.647,0.583,0.028,0.000,0.000,0.000,0.000,0.000,0.000,0.028,0.000,0.000,0.028,0.000,0.000,0.000,0.000,0.000,0.028,0.306,0.000,0.000
370,S,0.711,0.583,0.000,0.000,0.000,0.000,0.000,0.000,0.000,0.000,0.000,0.000,0.000,0.000,0.000,0.000,0.000,0.361,0.028,0.028,0.000,0.000
371,V,0.629,0.583,0.000,0.000,0.028,0.000,0.000,0.000,0.000,0.167,0.000,0.000,0.000,0.028,0.000,0.000,0.000,0.000,0.000,0.194,0.000,0.000
372,G,0.590,0.583,0.000,0.000,0.028,0.000,0.000,0.139,0.000,0.000,0.000,0.056,0.000,0.028,0.167,0.000,0.000,0.000,0.000,0.000,0.000,0.000
373,V,0.629,0.583,0.056,0.000,0.000,0.000,0.000,0.000,0.000,0.000,0.000,0.028,0.000,0.028,0.000,0.000,0.000,0.000,0.028,0.278,0.000,0.000
374,H,0.659,0.583,0.000,0.000,0.000,0.000,0.000,0.000,0.278,0.000,0.000,0.000,0.000,0.000,0.056,0.000,0.000,0.083,0.000,0.000,0.000,0.000
375,S,0.585,0.583,0.083,0.000,0.000,0.000,0.000,0.000,0.000,0.000,0.000,0.000,0.000,0.028,0.111,0.000,0.028,0.167,0.000,0.000,0.000,0.000
376,A,0.580,0.583,0.111,0.000,0.000,0.000,0.000,0.056,0.000,0.000,0.000,0.000,0.000,0.028,0.000,0.000,0.000,0.056,0.167,0.000,0.000,0.000
377,P,0.548,0.583,0.056,0.000,0.000,0.000,0.000,0.000,0.056,0.000,0.000,0.028,0.000,0.083,0.139,0.000,0.000,0.056,0.000,0.000,0.000,0.000
378,S,0.629,0.583,0.056,0.000,0.000,0.000,0.000,0.000,0.000,0.000,0.000,0.000,0.000,0.083,0.028,0.000,0.000,0.250,0.000,0.000,0.000,0.000
379,S,0.603,0.583,0.083,0.000,0.000,0.000,0.000,0.000,0.000,0.000,0.000,0.000,0.000,0.083,0.000,0.000,0.000,0.194,0.056,0.000,0.000,0.000
380,L,0.629,0.583,0.000,0.000,0.000,0.000,0.028,0.000,0.000,0.000,0.000,0.278,0.000,0.028,0.000,0.000,0.000,0.028,0.000,0.056,0.000,0.000
381,P,0.585,0.583,0.028,0.000,0.000,0.000,0.000,0.000,0.028,0.000,0.000,0.000,0.000,0.083,0.167,0.000,0.000,0.111,0.000,0.000,0.000,0.000
382,Y,0.642,0.583,0.000,0.000,0.000,0.056,0.000,0.000,0.000,0.000,0.000,0.056,0.000,0.000,0.000,0.000,0.000,0.028,0.000,0.000,0.000,0.278
383,L,0.691,0.583,0.000,0.000,0.000,0.000,0.000,0.000,0.000,0.028,0.000,0.333,0.000,0.000,0.000,0.000,0.000,0.000,0.056,0.000,0.000,0.000
384,H,0.581,0.583,0.000,0.000,0.028,0.000,0.000,0.000,0.194,0.000,0.028,0.000,0.000,0.000,0.000,0.111,0.028,0.028,0.000,0.000,0.000,0.000
385,S,0.677,0.583,0.000,0.000,0.000,0.000,0.000,0.000,0.000,0.000,0.000,0.000,0.000,0.083,0.000,0.000,0.028,0.306,0.000,0.000,0.000,0.000
386,P,0.748,0.611,0.000,0.000,0.000,0.000,0.000,0.000,0.000,0.000,0.000,0.000,0.000,0.000,0.361,0.000,0.000,0.028,0.000,0.000,0.000,0.000
387,I,0.697,0.611,0.000,0.000,0.000,0.000,0.000,0.000,0.000,0.306,0.000,0.000,0.000,0.028,0.000,0.000,0.000,0.000,0.000,0.056,0.000,0.000
388,T,0.666,0.611,0.056,0.000,0.000,0.000,0.000,0.028,0.000,0.000,0.000,0.000,0.000,0.028,0.000,0.000,0.000,0.000,0.278,0.000,0.000,0.000
389,T,0.715,0.611,0.028,0.000,0.000,0.000,0.000,0.000,0.000,0.000,0.000,0.000,0.000,0.000,0.000,0.000,0.000,0.028,0.333,0.000,0.000,0.000
390,S,0.728,0.611,0.056,0.000,0.000,0.000,0.000,0.000,0.000,0.000,0.000,0.000,0.000,0.000,0.000,0.000,0.000,0.333,0.000,0.000,0.000,0.000
391,P,0.714,0.611,0.000,0.000,0.000,0.000,0.000,0.000,0.000,0.000,0.000,0.000,0.000,0.000,0.306,0.000,0.000,0.000,0.083,0.000,0.000,0.000
392,S,0.748,0.611,0.000,0.000,0.000,0.000,0.000,0.000,0.000,0.000,0.000,0.000,0.000,0.000,0.000,0.000,0.000,0.361,0.028,0.000,0.000,0.000
393,C,0.791,0.667,0.000,0.333,0.000,0.000,0.000,0.000,0.000,0.000,0.000,0.000,0.000,0.000,0.000,0.000,0.000,0.000,0.000,0.000,0.000,0.000
