,position,query_aa,non_standard,conservation_score(entropy),conservation_level,top_aa,top_freq,num_aa_types,neff,entropy,sequence_context,is_non_conserved(method=entropy),secondary_structure
0,1,M,,0.0,.,M,1.0,1,1.0,0.0,[M]VTMEE,False,C
1,2,V,,0.0,.,V,1.0,1,1.0,0.0,M[V]TMEEL,False,C
2,3,T,,0.16703843262486695,.,T,0.8,2,1.4705882352941173,0.16703843262486695,MV[T]MEELR,False,C
3,4,M,,0.16703843262486695,.,M,0.8,2,1.4705882352941173,0.16703843262486695,MVT[M]EELRE,False,G
4,5,E,,0.0,.,E,1.0,1,1.0,0.0,MVTM[E]ELREM,False,G
5,6,E,,0.16703843262486695,.,E,0.8,2,1.4705882352941173,0.16703843262486695,MVTME[E]LREMD,False,G
6,7,L,,0.0,.,L,1.0,1,1.0,0.0,VTMEE[L]REMDC,False,C
7,8,R,,0.0,.,R,1.0,1,1.0,0.0,TMEEL[R]EMDCS,False,E
8,9,E,,0.0,.,E,1.0,1,1.0,0.0,MEELR[E]MDCSV,False,E
9,10,M,,0.0,.,M,1.0,1,1.0,0.0,EELRE[M]DCSVL,False,E
10,11,D,,0.16703843262486695,.,D,0.8,2,1.4705882352941173,0.16703843262486695,ELREM[D]CSVLK,False,C
11,12,C,,0.16703843262486695,.,C,0.8,2,1.4705882352941173,0.16703843262486695,LREMD[C]SVLKR,False,H
12,13,S,,0.0,.,S,1.0,1,1.0,0.0,REMDC[S]VLKRL,False,H
13,14,V,,0.16703843262486695,.,V,0.8,2,1.4705882352941173,0.16703843262486695,EMDCS[V]LKRLM,False,H
14,15,L,,0.0,.,L,1.0,1,1.0,0.0,MDCSV[L]KRLMN,False,H
15,16,K,,0.16703843262486695,.,K,0.8,2,1.4705882352941173,0.16703843262486695,DCSVL[K]RLMNR,False,H
16,17,R,,0.0,.,R,1.0,1,1.0,0.0,CSVLK[R]LMNRD,False,H
17,18,L,,0.0,.,L,1.0,1,1.0,0.0,SVLKR[L]MNRDE,False,H
18,19,M,,0.16703843262486695,.,M,0.8,2,1.4705882352941173,0.16703843262486695,VLKRL[M]NRDEN,False,H
19,20,N,,0.16703843262486695,.,N,0.8,2,1.4705882352941173,0.16703843262486695,LKRLM[N]RDENG,False,H
20,21,R,,0.0,.,R,1.0,1,1.0,0.0,KRLMN[R]DENGG,False,H
21,22,D,,0.16703843262486695,.,D,0.8,2,1.4705882352941173,0.16703843262486695,RLMNR[D]ENGGG,False,H
22,23,E,,0.0,.,E,1.0,1,1.0,0.0,LMNRD[E]NGGGA,False,H
23,24,N,,0.0,.,N,1.0,1,1.0,0.0,MNRDE[N]GGGAG,False,H
24,25,G,,0.0,.,G,1.0,1,1.0,0.0,NRDEN[G]GGAGG,False,C
25,26,G,,0.0,.,G,1.0,1,1.0,0.0,RDENG[G]GAGGS,False,S
26,27,G,,0.3172080988752308,.,G,0.6,3,2.272727272727272,0.3172080988752308,DENGG[G]AGGSG,False,S
27,28,A,,0.16703843262486695,.,A,0.8,2,1.4705882352941173,0.16703843262486695,ENGGG[A]GGSGS,False,C
28,29,G,,0.33761503777754837,.,G,0.5,3,2.5714285714285703,0.33761503777754837,NGGGA[G]GSGSH,False,C
29,30,G,,0.33761503777754837,.,G,0.5,3,2.5714285714285703,0.33761503777754837,GGGAG[G]SGSHG,False,C
30,31,S,,0.21247364923557852,.,S,0.6666666666666666,2,1.7999999999999996,0.21247364923557852,GGAGG[S]GSHGT,False,C
31,32,G,,0.17682027320460011,.,G,0.7777777777777778,2,1.5283018867924534,0.17682027320460011,GAGGS[G]SHGTL,False,C
32,33,S,,0.35412274872596416,.,S,0.4444444444444444,3,2.7931034482758617,0.35412274872596416,AGGSG[S]HGTLG,False,C
33,34,H,,0.32211253706681964,.,H,0.4444444444444444,3,2.454545454545454,0.32211253706681964,GGSGS[H]GTLGL,False,C
34,35,G,,0.35412274872596416,.,G,0.4444444444444444,3,2.7931034482758617,0.35412274872596416,GSGSH[G]TLGLP,False,C
35,36,T,,0.28329819898077135,.,A,0.6666666666666666,3,1.975609756097561,0.28329819898077135,SGSHG[T]LGLPS,False,S
36,37,L,,0.0,.,L,1.0,1,1.0,0.0,GSHGT[L]GLPSG,False,C
37,38,G,,0.2293134078307824,.,L,0.5555555555555556,2,1.975609756097561,0.2293134078307824,SHGTL[G]LPSGG,False,C
38,39,L,,0.42494729847115703,.,L,0.4444444444444444,4,3.2399999999999998,0.42494729847115703,HGTLG[L]PSGGK,False,P
39,40,P,,0.4074487147360963,.,E,0.5,4,2.941176470588235,0.4074487147360963,GTLGL[P]SGGKC,False,P
40,41,S,,0.3148974294721927,.,S,0.5,3,2.380952380952381,0.3148974294721927,TLGLP[S]GGKCL,False,T
41,42,G,,0.23137821315975915,.,G,0.5,2,2.0,0.23137821315975915,LGLPS[G]GKCLL,False,T
42,43,G,,0.3437066199654228,.,G,0.5,3,2.6315789473684212,0.3437066199654228,GLPSG[G]KCLLL,False,P
43,44,K,,0.29974164673650916,.,K,0.6,3,2.1739130434782608,0.29974164673650916,LPSGG[K]CLLLD,False,E
44,45,C,,0.0,.,C,1.0,1,1.0,0.0,PSGGK[C]LLLDC,False,E
45,46,L,,0.0,.,L,1.0,1,1.0,0.0,SGGKC[L]LLDCR,False,E
46,47,L,,0.16703843262486695,.,L,0.8,2,1.4705882352941173,0.16703843262486695,GGKCL[L]LDCRP,False,E
47,48,L,,0.0,.,L,1.0,1,1.0,0.0,GKCLL[L]DCRPF,False,E
48,49,D,,0.0,.,D,1.0,1,1.0,0.0,KCLLL[D]CRPFL,False,E
49,50,C,,0.0,.,C,1.0,1,1.0,0.0,CLLLD[C]RPFLA,False,C
50,51,R,,0.0,.,R,1.0,1,1.0,0.0,LLLDC[R]PFLAH,False,S
51,52,P,,0.23137821315975915,.,P,0.5,2,2.0,0.23137821315975915,LLDCR[P]FLAHS,False,C
52,53,F,,0.0,.,F,1.0,1,1.0,0.0,LDCRP[F]LAHSA,False,H
53,54,L,,0.23137821315975915,.,L,0.5,2,2.0,0.23137821315975915,DCRPF[L]AHSAG,False,H
54,55,A,,0.10851536242448849,.,A,0.9,2,1.2195121951219512,0.10851536242448849,CRPFL[A]HSAGY,False,H
55,56,H,,0.23137821315975915,.,H,0.5,2,2.0,0.23137821315975915,RPFLA[H]SAGYI,False,H
56,57,S,,0.20391151353795506,.,S,0.7,2,1.7241379310344829,0.20391151353795506,PFLAH[S]AGYIL,False,H
57,58,A,,0.16703843262486695,.,A,0.8,2,1.4705882352941173,0.16703843262486695,FLAHS[A]GYILG,False,H
58,59,G,,0.21331407525681878,.,G,0.8,3,1.515151515151515,0.21331407525681878,LAHSA[G]YILGS,False,E
59,60,Y,,0.3521410031526742,.,Y,0.4,3,2.7777777777777772,0.3521410031526742,AHSAG[Y]ILGSV,False,E
60,61,I,,0.0,.,I,1.0,1,1.0,0.0,HSAGY[I]LGSVN,False,E
61,62,L,,0.5197771215417599,.,R,0.3,5,4.545454545454544,0.5197771215417599,SAGYI[L]GSVNV,False,T
62,63,G,,0.0,.,G,1.0,1,1.0,0.0,AGYIL[G]SVNVR,False,T
63,64,S,,0.10851536242448849,.,S,0.9,2,1.2195121951219512,0.10851536242448849,GYILG[S]VNVRC,False,C
64,65,V,,0.26765360830862855,.,V,0.7,3,1.851851851851852,0.26765360830862855,YILGS[V]NVRCN,False,E
65,66,N,,0.0,.,N,1.0,1,1.0,0.0,ILGSV[N]VRCNT,False,E
66,67,V,,0.0,.,V,1.0,1,1.0,0.0,LGSVN[V]RCNTI,False,C
67,68,R,,0.0,.,R,1.0,1,1.0,0.0,GSVNV[R]CNTIV,False,C
68,69,C,,0.3437066199654228,.,C,0.5,3,2.6315789473684212,0.3437066199654228,SVNVR[C]NTIVR,False,C
69,70,N,,0.23137821315975915,.,N,0.5,2,2.0,0.23137821315975915,VNVRC[N]TIVRR,False,C
70,71,T,,0.0,.,T,1.0,1,1.0,0.0,NVRCN[T]IVRRR,False,H
71,72,I,,0.0,.,I,1.0,1,1.0,0.0,VRCNT[I]VRRRA,False,H
72,73,V,,0.0,.,V,1.0,1,1.0,0.0,RCNTI[V]RRRAK,False,H
73,74,R,,0.16703843262486695,.,R,0.8,2,1.4705882352941173,0.16703843262486695,CNTIV[R]RRAKG,False,H
74,75,R,,0.0,.,R,1.0,1,1.0,0.0,NTIVR[R]RAKGS,False,H
75,76,R,,0.0,.,R,1.0,1,1.0,0.0,TIVRR[R]AKGSV,False,H
76,77,A,,0.0,.,A,1.0,1,1.0,0.0,IVRRR[A]KGSVS,False,T
77,78,K,,0.0,.,K,1.0,1,1.0,0.0,VRRRA[K]GSVSL,False,T
78,79,G,,0.0,.,G,1.0,1,1.0,0.0,RRRAK[G]SVSLE,False,T
79,80,S,,0.22465681361132717,.,S,0.6,2,1.923076923076923,0.22465681361132717,RRAKG[S]VSLEQ,False,C
80,81,V,,0.23137821315975915,.,V,0.5,2,2.0,0.23137821315975915,RAKGS[V]SLEQI,False,C
81,82,S,,0.23137821315975915,.,S,0.5,2,2.0,0.23137821315975915,AKGSV[S]LEQIL,False,C
82,83,L,,0.0,.,L,1.0,1,1.0,0.0,KGSVS[L]EQILP,False,H
83,84,E,,0.0,.,E,1.0,1,1.0,0.0,GSVSL[E]QILPA,False,H
84,85,Q,,0.23137821315975915,.,Q,0.5,2,2.0,0.23137821315975915,SVSLE[Q]ILPAE,False,H
85,86,I,,0.0,.,I,1.0,1,1.0,0.0,VSLEQ[I]LPAEE,False,H
86,87,L,,0.3148974294721927,.,L,0.5,3,2.380952380952381,0.3148974294721927,SLEQI[L]PAEEE,False,S
87,88,P,,0.0,.,P,1.0,1,1.0,0.0,LEQIL[P]AEEEV,False,T
88,89,A,,0.23137821315975915,.,A,0.5,2,2.0,0.23137821315975915,EQILP[A]EEEVR,False,T
89,90,E,,0.0,.,E,1.0,1,1.0,0.0,QILPA[E]EEVRA,False,C
90,91,E,,0.3634837415071827,.,E,0.6,4,2.380952380952381,0.3634837415071827,ILPAE[E]EVRAR,False,H
91,92,E,,0.0,.,E,1.0,1,1.0,0.0,LPAEE[E]VRARL,False,H
92,93,V,,0.3437066199654228,.,V,0.5,3,2.6315789473684212,0.3437066199654228,PAEEE[V]RARLR,False,H
93,94,R,,0.0,.,R,1.0,1,1.0,0.0,AEEEV[R]ARLRS,False,H
94,95,A,,0.3148974294721927,.,A,0.5,3,2.380952380952381,0.3148974294721927,EEEVR[A]RLRSG,False,H
95,96,R,,0.0,.,R,1.0,1,1.0,0.0,EEVRA[R]LRSGL,False,H
96,97,L,,0.0,.,L,1.0,1,1.0,0.0,EVRAR[L]RSGLY,False,H
97,98,R,,0.3437066199654228,.,R,0.5,3,2.6315789473684212,0.3437066199654228,VRARL[R]SGLYS,False,H
98,99,S,,0.22465681361132717,.,A,0.6,2,1.923076923076923,0.22465681361132717,RARLR[S]GLYSA,False,T
99,100,G,,0.0,.,G,1.0,1,1.0,0.0,ARLRS[G]LYSAV,False,T
100,101,L,,0.3437066199654228,.,L,0.5,3,2.6315789473684212,0.3437066199654228,RLRSG[L]YSAVI,False,C
101,102,Y,,0.0,.,Y,1.0,1,1.0,0.0,LRSGL[Y]SAVIV,False,E
102,103,S,,0.4272258362778562,.,S,0.4,4,3.333333333333333,0.4272258362778562,RSGLY[S]AVIVY,False,E
103,104,A,,0.0,.,A,1.0,1,1.0,0.0,SGLYS[A]VIVYD,False,E
104,105,V,,0.0,.,V,1.0,1,1.0,0.0,GLYSA[V]IVYDE,False,E
105,106,I,,0.22465681361132717,.,V,0.6,2,1.923076923076923,0.22465681361132717,LYSAV[I]VYDER,False,E
106,107,V,,0.22465681361132717,.,L,0.6,2,1.923076923076923,0.22465681361132717,YSAVI[V]YDERS,False,E
107,108,Y,,0.23137821315975915,.,Y,0.5,2,2.0,0.23137821315975915,SAVIV[Y]DERSP,False,E
108,109,D,,0.0,.,D,1.0,1,1.0,0.0,AVIVY[D]ERSPR,False,C
109,110,E,,0.0,.,E,1.0,1,1.0,0.0,VIVYD[E]RSPRA,False,S
110,111,R,,0.0,.,R,1.0,1,1.0,0.0,IVYDE[R]SPRAE,False,S
111,112,S,,0.16703843262486695,.,S,0.8,2,1.4705882352941173,0.16703843262486695,VYDER[S]PRAES,False,C
112,113,P,,0.3437066199654228,.,P,0.5,3,2.6315789473684212,0.3437066199654228,YDERS[P]RAESL,False,C
113,114,R,,0.4074487147360963,.,R,0.5,4,2.9411764705882346,0.4074487147360963,DERSP[R]AESLR,False,S
114,115,A,,0.23137821315975915,.,A,0.5,2,2.0,0.23137821315975915,ERSPR[A]ESLRE,False,G
115,116,E,,0.23137821315975915,.,E,0.5,2,2.0,0.23137821315975915,RSPRA[E]SLRED,False,G
116,117,S,,0.4272258362778562,.,S,0.4,4,3.333333333333333,0.4272258362778562,SPRAE[S]LREDS,False,G
117,118,L,,0.20391151353795506,.,L,0.7,2,1.7241379310344829,0.20391151353795506,PRAES[L]REDST,False,C
118,119,R,,0.20391151353795506,.,R,0.7,2,1.7241379310344829,0.20391151353795506,RAESL[R]EDSTV,False,C
119,120,E,,0.4272258362778562,.,E,0.4,4,3.333333333333333,0.4272258362778562,AESLR[E]DSTVS,False,T
120,121,D,,0.0,.,D,1.0,1,1.0,0.0,ESLRE[D]STVSL,False,T
121,122,S,,0.20391151353795506,.,S,0.7,2,1.7241379310344829,0.20391151353795506,SLRED[S]TVSLV,False,S
122,123,T,,0.0,.,T,1.0,1,1.0,0.0,LREDS[T]VSLVV,False,H
123,124,V,,0.3437066199654228,.,V,0.5,3,2.6315789473684212,0.3437066199654228,REDST[V]SLVVQ,False,H
124,125,S,,0.3521410031526742,.,S,0.4,3,2.7777777777777772,0.3521410031526742,EDSTV[S]LVVQA,False,H
125,126,L,,0.0,.,L,1.0,1,1.0,0.0,DSTVS[L]VVQAL,False,H
126,127,V,,0.23137821315975915,.,V,0.5,2,2.0,0.23137821315975915,STVSL[V]VQALR,False,H
127,128,V,,0.29974164673650916,.,V,0.6,3,2.1739130434782608,0.29974164673650916,TVSLV[V]QALRR,False,H
128,129,Q,,0.4272258362778562,.,Q,0.4,4,3.333333333333333,0.4272258362778562,VSLVV[Q]ALRRN,False,H
129,130,A,,0.0,.,A,1.0,1,1.0,0.0,SLVVQ[A]LRRNA,False,H
130,131,L,,0.0,.,L,1.0,1,1.0,0.0,LVVQA[L]RRNAE,False,H
131,132,R,,0.3148974294721927,.,R,0.5,3,2.380952380952381,0.3148974294721927,VVQAL[R]RNAER,False,H
132,133,R,,0.0,.,R,1.0,1,1.0,0.0,VQALR[R]NAERT,False,H
133,134,N,,0.36348374150718266,.,N,0.4,3,2.9411764705882346,0.36348374150718266,QALRR[N]AERTD,False,H
134,135,A,,0.31392925094058044,.,A,0.7,4,1.9230769230769234,0.31392925094058044,ALRRN[A]ERTDI,False,C
135,136,E,,0.3148974294721926,.,R,0.5,3,2.380952380952381,0.3148974294721926,LRRNA[E]RTDIC,False,T
136,137,R,,0.4074487147360963,.,R,0.5,4,2.9411764705882346,0.4074487147360963,RRNAE[R]TDICL,False,T
137,138,T,,0.3172080988752309,.,T,0.6,3,2.2727272727272725,0.3172080988752309,RNAER[T]DICLL,False,S
138,139,D,,0.3899822625973747,.,D,0.5,4,2.7777777777777772,0.3899822625973747,NAERT[D]ICLLK,False,E
139,140,I,,0.20391151353795506,.,I,0.7,2,1.7241379310344829,0.20391151353795506,AERTD[I]CLLKG,False,E
140,141,C,,0.4272258362778562,.,C,0.4,4,3.333333333333333,0.4272258362778562,ERTDI[C]LLKGG,False,E
141,142,L,,0.23137821315975915,.,L,0.5,2,2.0,0.23137821315975915,RTDIC[L]LKGGY,False,E
142,143,L,,0.0,.,L,1.0,1,1.0,0.0,TDICL[L]KGGYE,False,E
143,144,K,,0.26765360830862855,.,K,0.7,3,1.851851851851852,0.26765360830862855,DICLL[K]GGYER,False,T
144,145,G,,0.0,.,G,1.0,1,1.0,0.0,ICLLK[G]GYERF,False,T
145,146,G,,0.0,.,G,1.0,1,1.0,0.0,CLLKG[G]YERFS,False,H
146,147,Y,,0.0,.,Y,1.0,1,1.0,0.0,LLKGG[Y]ERFSS,False,H
147,148,E,,0.0,.,E,1.0,1,1.0,0.0,LKGGY[E]RFSSE,False,H
148,149,R,,0.3437066199654228,.,R,0.5,3,2.6315789473684212,0.3437066199654228,KGGYE[R]FSSEY,False,H
149,150,F,,0.0,.,F,1.0,1,1.0,0.0,GGYER[F]SSEYP,False,H
150,151,S,,0.10851536242448849,.,S,0.9,2,1.2195121951219512,0.10851536242448849,GYERF[S]SEYPE,False,H
151,152,S,,0.22465681361132717,.,S,0.6,2,1.923076923076923,0.22465681361132717,YERFS[S]EYPEF,False,H
152,153,E,,0.3437066199654228,.,E,0.5,3,2.6315789473684212,0.3437066199654228,ERFSS[E]YPEFC,False,H
153,154,Y,,0.23137821315975915,.,Y,0.5,2,2.0,0.23137821315975915,RFSSE[Y]PEFCS,False,C
154,155,P,,0.0,.,P,1.0,1,1.0,0.0,FSSEY[P]EFCSK,False,G
155,156,E,,0.0,.,E,1.0,1,1.0,0.0,SSEYP[E]FCSKT,False,G
156,157,F,,0.20391151353795506,.,F,0.7,2,1.7241379310344829,0.20391151353795506,SEYPE[F]CSKTK,False,G
157,158,C,,0.0,.,C,1.0,1,1.0,0.0,EYPEF[C]SKTKA,False,E
158,159,S,,0.31392925094058044,.,S,0.7,4,1.9230769230769234,0.31392925094058044,YPEFC[S]KTKAL,False,E
159,160,K,,0.0,.,K,1.0,1,1.0,0.0,PEFCS[K]TKALA,False,E
160,161,T,,0.3437066199654228,.,T,0.5,3,2.6315789473684212,0.3437066199654228,EFCSK[T]KALAA,False,C
161,162,K,,0.23137821315975915,.,K,0.5,2,2.0,0.23137821315975915,FCSKT[K]ALAAI,False,G
162,163,A,,0.3521410031526742,.,A,0.4,3,2.7777777777777772,0.3521410031526742,CSKTK[A]LAAIP,False,G
163,164,L,,0.23137821315975915,.,L,0.5,2,2.0,0.23137821315975915,SKTKA[L]AAIPP,False,G
164,165,A,,0.4909679310485298,.,A,0.4,5,3.8461538461538454,0.4909679310485298,KTKAL[A]AIPPP,False,S
165,166,A,,0.3148974294721926,.,A,0.5,3,2.380952380952381,0.3148974294721926,TKALA[A]IPPPV,False,C
166,167,I,,0.23137821315975915,.,I,0.5,2,2.0,0.23137821315975915,KALAA[I]PPPVP,False,C
167,168,P,,0.22465681361132717,.,S,0.6,2,1.923076923076923,0.22465681361132717,ALAAI[P]PPVPP,False,P
168,169,P,,0.2293134078307824,.,L,0.5555555555555556,2,1.975609756097561,0.2293134078307824,LAAIP[P]PVPPS,False,P
169,170,P,,0.0,.,P,1.0,1,1.0,0.0,AAIPP[P]VPPSA,False,P
170,171,V,,0.2293134078307824,.,L,0.5555555555555556,2,1.975609756097561,0.2293134078307824,AIPPP[V]PPSAT,False,P
171,172,P,,0.3148974294721927,.,P,0.5,3,2.380952380952381,0.3148974294721927,IPPPV[P]PSATE,False,P
172,173,P,,0.29974164673650916,.,P,0.6,3,2.1739130434782608,0.29974164673650916,PPPVP[P]SATEP,False,C
173,174,S,,0.16703843262486695,.,S,0.8,2,1.4705882352941173,0.16703843262486695,PPVPP[S]ATEPL,False,C
174,175,A,,0.4074487147360963,.,V,0.5,4,2.941176470588235,0.4074487147360963,PVPPS[A]TEPLD,False,S
175,176,T,,0.4074487147360963,.,P,0.5,4,2.941176470588235,0.4074487147360963,VPPSA[T]EPLDL,False,C
176,177,E,,0.3437066199654228,.,E,0.5,3,2.6315789473684212,0.3437066199654228,PPSAT[E]PLDLG,False,C
177,178,P,,0.16703843262486695,.,S,0.8,2,1.4705882352941173,0.16703843262486695,PSATE[P]LDLGC,False,C
178,179,L,,0.23137821315975915,.,L,0.5,2,2.0,0.23137821315975915,SATEP[L]DLGCS,False,C
179,180,D,,0.20391151353795506,.,D,0.7,2,1.7241379310344829,0.20391151353795506,ATEPL[D]LGCSS,False,C
180,181,L,,0.23137821315975915,.,L,0.5,2,2.0,0.23137821315975915,TEPLD[L]GCSSC,False,C
181,182,G,,0.16703843262486695,.,G,0.8,2,1.4705882352941173,0.16703843262486695,EPLDL[G]CSSCG,False,C
182,183,C,,0.10851536242448849,.,C,0.9,2,1.2195121951219512,0.10851536242448849,PLDLG[C]SSCGT,False,C
183,184,S,,0.16703843262486695,.,S,0.8,2,1.4705882352941173,0.16703843262486695,LDLGC[S]SCGTP,False,T
184,185,S,,0.16703843262486695,.,S,0.8,2,1.4705882352941173,0.16703843262486695,DLGCS[S]CGTPL,False,T
185,186,C,,0.0,.,C,1.0,1,1.0,0.0,LGCSS[C]GTPLH,False,T
186,187,G,,0.20391151353795506,.,G,0.7,2,1.7241379310344829,0.20391151353795506,GCSSC[G]TPLHD,False,C
187,188,T,,0.0,.,T,1.0,1,1.0,0.0,CSSCG[T]PLHDQ,False,C
188,189,P,,0.0,.,P,1.0,1,1.0,0.0,SSCGT[P]LHDQG,False,C
189,190,L,,0.0,.,L,1.0,1,1.0,0.0,SCGTP[L]HDQGG,False,S
190,191,H,,0.23137821315975915,.,H,0.5,2,2.0,0.23137821315975915,CGTPL[H]DQGGP,False,C
191,192,D,,0.0,.,D,1.0,1,1.0,0.0,GTPLH[D]QGGPV,False,C
192,193,Q,,0.0,.,Q,1.0,1,1.0,0.0,TPLHD[Q]GGPVE,False,C
193,194,G,,0.0,.,G,1.0,1,1.0,0.0,PLHDQ[G]GPVEI,False,S
194,195,G,,0.0,.,G,1.0,1,1.0,0.0,LHDQG[G]PVEIL,False,S
195,196,P,,0.0,.,P,1.0,1,1.0,0.0,HDQGG[P]VEILP,False,C
196,197,V,,0.0,.,V,1.0,1,1.0,0.0,DQGGP[V]EILPF,False,E
197,198,E,,0.0,.,E,1.0,1,1.0,0.0,QGGPV[E]ILPFL,False,E
198,199,I,,0.0,.,I,1.0,1,1.0,0.0,GGPVE[I]LPFLY,False,E
199,200,L,,0.0,.,L,1.0,1,1.0,0.0,GPVEI[L]PFLYL,False,E
200,201,P,,0.16703843262486695,.,P,0.8,2,1.4705882352941173,0.16703843262486695,PVEIL[P]FLYLG,False,T
201,202,F,,0.0,.,F,1.0,1,1.0,0.0,VEILP[F]LYLGS,False,T
202,203,L,,0.0,.,L,1.0,1,1.0,0.0,EILPF[L]YLGSA,False,E
203,204,Y,,0.0,.,Y,1.0,1,1.0,0.0,ILPFL[Y]LGSAY,False,E
204,205,L,,0.0,.,L,1.0,1,1.0,0.0,LPFLY[L]GSAYH,False,E
205,206,G,,0.0,.,G,1.0,1,1.0,0.0,PFLYL[G]SAYHA,False,E
206,207,S,,0.0,.,S,1.0,1,1.0,0.0,FLYLG[S]AYHAA,False,C
207,208,A,,0.0,.,A,1.0,1,1.0,0.0,LYLGS[A]YHAAR,False,H
208,209,Y,,0.0,.,Y,1.0,1,1.0,0.0,YLGSA[Y]HAARR,False,H
209,210,H,,0.0,.,H,1.0,1,1.0,0.0,LGSAY[H]AARRD,False,H
210,211,A,,0.0,.,A,1.0,1,1.0,0.0,GSAYH[A]ARRDM,False,H
211,212,A,,0.23137821315975915,.,A,0.5,2,2.0,0.23137821315975915,SAYHA[A]RRDML,False,T
212,213,R,,0.0,.,R,1.0,1,1.0,0.0,AYHAA[R]RDMLD,False,X
213,214,R,,0.23137821315975915,.,R,0.5,2,2.0,0.23137821315975915,YHAAR[R]DMLDA,False,H
214,215,D,,0.0,.,D,1.0,1,1.0,0.0,HAARR[D]MLDAL,False,H
215,216,M,,0.0,.,M,1.0,1,1.0,0.0,AARRD[M]LDALG,False,H
216,217,L,,0.0,.,L,1.0,1,1.0,0.0,ARRDM[L]DALGI,False,H
217,218,D,,0.10851536242448849,.,D,0.9,2,1.2195121951219512,0.10851536242448849,RRDML[D]ALGIT,False,H
218,219,A,,0.10851536242448849,.,A,0.9,2,1.2195121951219512,0.10851536242448849,RDMLD[A]LGITA,False,H
219,220,L,,0.0,.,L,1.0,1,1.0,0.0,DMLDA[L]GITAL,False,T
220,221,G,,0.0,.,G,1.0,1,1.0,0.0,MLDAL[G]ITALL,False,T
221,222,I,,0.0,.,I,1.0,1,1.0,0.0,LDALG[I]TALLN,False,C
222,223,T,,0.0,.,T,1.0,1,1.0,0.0,DALGI[T]ALLNV,False,C
223,224,A,,0.0,.,A,1.0,1,1.0,0.0,ALGIT[A]LLNVS,False,E
224,225,L,,0.0,.,L,1.0,1,1.0,0.0,LGITA[L]LNVSS,False,E
225,226,L,,0.23137821315975915,.,L,0.5,2,2.0,0.23137821315975915,GITAL[L]NVSSD,False,E
226,227,N,,0.0,.,N,1.0,1,1.0,0.0,ITALL[N]VSSDC,False,E
227,228,V,,0.0,.,V,1.0,1,1.0,0.0,TALLN[V]SSDCP,False,C
228,229,S,,0.0,.,S,1.0,1,1.0,0.0,ALLNV[S]SDCPN,False,C
229,230,S,,0.23137821315975915,.,S,0.5,2,2.0,0.23137821315975915,LLNVS[S]DCPNH,False,S
230,231,D,,0.23137821315975915,.,D,0.5,2,2.0,0.23137821315975915,LNVSS[D]CPNHF,False,S
231,232,C,,0.0,.,C,1.0,1,1.0,0.0,NVSSD[C]PNHFE,False,C
232,233,P,,0.0,.,P,1.0,1,1.0,0.0,VSSDC[P]NHFEG,False,C
233,234,N,,0.0,.,N,1.0,1,1.0,0.0,SSDCP[N]HFEGH,False,C
234,235,H,,0.0,.,H,1.0,1,1.0,0.0,SDCPN[H]FEGHY,False,T
235,236,F,,0.0,.,F,1.0,1,1.0,0.0,DCPNH[F]EGHYQ,False,T
236,237,E,,0.0,.,E,1.0,1,1.0,0.0,CPNHF[E]GHYQY,False,B
237,238,G,,0.0,.,G,1.0,1,1.0,0.0,PNHFE[G]HYQYK,False,T
238,239,H,,0.0,.,H,1.0,1,1.0,0.0,NHFEG[H]YQYKC,False,T
239,240,Y,,0.16703843262486695,.,Y,0.8,2,1.4705882352941173,0.16703843262486695,HFEGH[Y]QYKCI,False,B
240,241,Q,,0.0,.,Q,1.0,1,1.0,0.0,FEGHY[Q]YKCIP,False,E
241,242,Y,,0.0,.,Y,1.0,1,1.0,0.0,EGHYQ[Y]KCIPV,False,E
242,243,K,,0.0,.,K,1.0,1,1.0,0.0,GHYQY[K]CIPVE,False,E
243,244,C,,0.23137821315975915,.,C,0.5,2,2.0,0.23137821315975915,HYQYK[C]IPVED,False,E
244,245,I,,0.0,.,I,1.0,1,1.0,0.0,YQYKC[I]PVEDN,False,C
245,246,P,,0.0,.,P,1.0,1,1.0,0.0,QYKCI[P]VEDNH,False,C
246,247,V,,0.0,.,V,1.0,1,1.0,0.0,YKCIP[V]EDNHK,False,C
247,248,E,,0.0,.,E,1.0,1,1.0,0.0,KCIPV[E]DNHKA,False,C
248,249,D,,0.0,.,D,1.0,1,1.0,0.0,CIPVE[D]NHKAD,False,S
249,250,N,,0.16703843262486695,.,N,0.8,2,1.4705882352941173,0.16703843262486695,IPVED[N]HKADI,False,S
250,251,H,,0.0,.,H,1.0,1,1.0,0.0,PVEDN[H]KADIS,False,T
251,252,K,,0.0,.,K,1.0,1,1.0,0.0,VEDNH[K]ADISS,False,T
252,253,A,,0.0,.,A,1.0,1,1.0,0.0,EDNHK[A]DISSW,False,C
253,254,D,,0.0,.,D,1.0,1,1.0,0.0,DNHKA[D]ISSWF,False,C
254,255,I,,0.0,.,I,1.0,1,1.0,0.0,NHKAD[I]SSWFM,False,C
255,256,S,,0.0,.,S,1.0,1,1.0,0.0,HKADI[S]SWFME,False,G
256,257,S,,0.0,.,S,1.0,1,1.0,0.0,KADIS[S]WFMEA,False,G
257,258,W,,0.0,.,W,1.0,1,1.0,0.0,ADISS[W]FMEAI,False,G
258,259,F,,0.0,.,F,1.0,1,1.0,0.0,DISSW[F]MEAIE,False,H
259,260,M,,0.23137821315975915,.,M,0.5,2,2.0,0.23137821315975915,ISSWF[M]EAIEY,False,H
260,261,E,,0.0,.,E,1.0,1,1.0,0.0,SSWFM[E]AIEYI,False,H
261,262,A,,0.0,.,A,1.0,1,1.0,0.0,SWFME[A]IEYID,False,H
262,263,I,,0.0,.,I,1.0,1,1.0,0.0,WFMEA[I]EYIDA,False,H
263,264,E,,0.23137821315975915,.,E,0.5,2,2.0,0.23137821315975915,FMEAI[E]YIDAV,False,H
264,265,Y,,0.23137821315975915,.,Y,0.5,2,2.0,0.23137821315975915,MEAIE[Y]IDAVK,False,H
265,266,I,,0.0,.,I,1.0,1,1.0,0.0,EAIEY[I]DAVKD,False,H
266,267,D,,0.0,.,D,1.0,1,1.0,0.0,AIEYI[D]AVKDC,False,H
267,268,A,,0.22465681361132717,.,S,0.6,2,1.923076923076923,0.22465681361132717,IEYID[A]VKDCR,False,H
268,269,V,,0.22465681361132717,.,V,0.6,2,1.923076923076923,0.22465681361132717,EYIDA[V]KDCRG,False,H
269,270,K,,0.0,.,K,1.0,1,1.0,0.0,YIDAV[K]DCRGR,False,H
270,271,D,,0.3634837415071827,.,D,0.6,4,2.380952380952381,0.3634837415071827,IDAVK[D]CRGRV,False,H
271,272,C,,0.29974164673650916,.,C,0.6,3,2.1739130434782608,0.29974164673650916,DAVKD[C]RGRVL,False,T
272,273,R,,0.3148974294721926,.,G,0.5,3,2.380952380952381,0.3148974294721926,AVKDC[R]GRVLV,False,T
273,274,G,,0.0,.,G,1.0,1,1.0,0.0,VKDCR[G]RVLVH,False,C
274,275,R,,0.0,.,R,1.0,1,1.0,0.0,KDCRG[R]VLVHC,False,C
275,276,V,,0.0,.,V,1.0,1,1.0,0.0,DCRGR[V]LVHCQ,False,E
276,277,L,,0.23137821315975915,.,L,0.5,2,2.0,0.23137821315975915,CRGRV[L]VHCQA,False,E
277,278,V,,0.0,.,V,1.0,1,1.0,0.0,RGRVL[V]HCQAG,False,E
278,279,H,,0.0,.,H,1.0,1,1.0,0.0,GRVLV[H]CQAGI,False,E
279,280,C,,0.0,.,C,1.0,1,1.0,0.0,RVLVH[C]QAGIS,False,C
280,281,Q,,0.0,.,Q,1.0,1,1.0,0.0,VLVHC[Q]AGISR,False,S
281,282,A,,0.0,.,A,1.0,1,1.0,0.0,LVHCQ[A]GISRS,False,S
282,283,G,,0.0,.,G,1.0,1,1.0,0.0,VHCQA[G]ISRSA,False,S
283,284,I,,0.0,.,I,1.0,1,1.0,0.0,HCQAG[I]SRSAT,False,S
284,285,S,,0.0,.,S,1.0,1,1.0,0.0,CQAGI[S]RSATI,False,S
285,286,R,,0.0,.,R,1.0,1,1.0,0.0,QAGIS[R]SATIC,False,H
286,287,S,,0.0,.,S,1.0,1,1.0,0.0,AGISR[S]ATICL,False,H
287,288,A,,0.0,.,A,1.0,1,1.0,0.0,GISRS[A]TICLA,False,H
288,289,T,,0.0,.,T,1.0,1,1.0,0.0,ISRSA[T]ICLAY,False,H
289,290,I,,0.0,.,I,1.0,1,1.0,0.0,SRSAT[I]CLAYL,False,H
290,291,C,,0.0,.,C,1.0,1,1.0,0.0,RSATI[C]LAYLM,False,H
291,292,L,,0.0,.,L,1.0,1,1.0,0.0,SATIC[L]AYLMM,False,H
292,293,A,,0.0,.,A,1.0,1,1.0,0.0,ATICL[A]YLMMK,False,H
293,294,Y,,0.0,.,Y,1.0,1,1.0,0.0,TICLA[Y]LMMKK,False,H
294,295,L,,0.0,.,L,1.0,1,1.0,0.0,ICLAY[L]MMKKR,False,H
295,296,M,,0.0,.,M,1.0,1,1.0,0.0,CLAYL[M]MKKRV,False,H
296,297,M,,0.23137821315975915,.,M,0.5,2,2.0,0.23137821315975915,LAYLM[M]KKRVR,False,H
297,298,K,,0.23137821315975915,.,K,0.5,2,2.0,0.23137821315975915,AYLMM[K]KRVRL,False,H
298,299,K,,0.23137821315975915,.,K,0.5,2,2.0,0.23137821315975915,YLMMK[K]RVRLE,False,H
299,300,R,,0.0,.,R,1.0,1,1.0,0.0,LMMKK[R]VRLEE,False,C
300,301,V,,0.0,.,V,1.0,1,1.0,0.0,MMKKR[V]RLEEA,False,C
301,302,R,,0.22465681361132717,.,K,0.6,2,1.923076923076923,0.22465681361132717,MKKRV[R]LEEAF,False,C
302,303,L,,0.0,.,L,1.0,1,1.0,0.0,KKRVR[L]EEAFE,False,H
303,304,E,,0.23137821315975915,.,E,0.5,2,2.0,0.23137821315975915,KRVRL[E]EAFEF,False,H
304,305,E,,0.10851536242448849,.,E,0.9,2,1.2195121951219512,0.10851536242448849,RVRLE[E]AFEFV,False,H
305,306,A,,0.0,.,A,1.0,1,1.0,0.0,VRLEE[A]FEFVK,False,H
306,307,F,,0.0,.,F,1.0,1,1.0,0.0,RLEEA[F]EFVKQ,False,H
307,308,E,,0.0,.,E,1.0,1,1.0,0.0,LEEAF[E]FVKQR,False,H
308,309,F,,0.0,.,F,1.0,1,1.0,0.0,EEAFE[F]VKQRR,False,H
309,310,V,,0.0,.,V,1.0,1,1.0,0.0,EAFEF[V]KQRRS,False,H
310,311,K,,0.0,.,K,1.0,1,1.0,0.0,AFEFV[K]QRRSI,False,H
311,312,Q,,0.0,.,Q,1.0,1,1.0,0.0,FEFVK[Q]RRSII,False,H
312,313,R,,0.0,.,R,1.0,1,1.0,0.0,EFVKQ[R]RSIIS,False,H
313,314,R,,0.0,.,R,1.0,1,1.0,0.0,FVKQR[R]SIISP,False,C
314,315,S,,0.0,.,S,1.0,1,1.0,0.0,VKQRR[S]IISPN,False,T
315,316,I,,0.0,.,I,1.0,1,1.0,0.0,KQRRS[I]ISPNF,False,T
316,317,I,,0.0,.,I,1.0,1,1.0,0.0,QRRSI[I]SPNFS,False,C
317,318,S,,0.0,.,S,1.0,1,1.0,0.0,RRSII[S]PNFSF,False,C
318,319,P,,0.0,.,P,1.0,1,1.0,0.0,RSIIS[P]NFSFM,False,C
319,320,N,,0.0,.,N,1.0,1,1.0,0.0,SIISP[N]FSFMG,False,C
320,321,F,,0.0,.,F,1.0,1,1.0,0.0,IISPN[F]SFMGQ,False,H
321,322,S,,0.0,.,S,1.0,1,1.0,0.0,ISPNF[S]FMGQL,False,H
322,323,F,,0.0,.,F,1.0,1,1.0,0.0,SPNFS[F]MGQLL,False,H
323,324,M,,0.0,.,M,1.0,1,1.0,0.0,PNFSF[M]GQLLQ,False,H
324,325,G,,0.0,.,G,1.0,1,1.0,0.0,NFSFM[G]QLLQF,False,H
325,326,Q,,0.0,.,Q,1.0,1,1.0,0.0,FSFMG[Q]LLQFE,False,H
326,327,L,,0.0,.,L,1.0,1,1.0,0.0,SFMGQ[L]LQFES,False,H
327,328,L,,0.0,.,L,1.0,1,1.0,0.0,FMGQL[L]QFESQ,False,H
328,329,Q,,0.0,.,Q,1.0,1,1.0,0.0,MGQLL[Q]FESQV,False,H
329,330,F,,0.0,.,F,1.0,1,1.0,0.0,GQLLQ[F]ESQVL,False,H
330,331,E,,0.0,.,E,1.0,1,1.0,0.0,QLLQF[E]SQVLA,False,H
331,332,S,,0.0,.,S,1.0,1,1.0,0.0,LLQFE[S]QVLAT,False,H
332,333,Q,,0.0,.,Q,1.0,1,1.0,0.0,LQFES[Q]VLATS,False,H
333,334,V,,0.0,.,V,1.0,1,1.0,0.0,QFESQ[V]LATSC,False,H
334,335,L,,0.0,.,L,1.0,1,1.0,0.0,FESQV[L]ATSCA,False,H
335,336,A,,0.16703843262486695,.,A,0.8,2,1.4705882352941173,0.16703843262486695,ESQVL[A]TSCAA,False,H
336,337,T,,0.23137821315975915,.,T,0.5,2,2.0,0.23137821315975915,SQVLA[T]SCAAE,False,G
337,338,S,,0.20391151353795506,.,S,0.7,2,1.7241379310344829,0.20391151353795506,QVLAT[S]CAAEA,False,G
338,339,C,,0.0,.,C,1.0,1,1.0,0.0,VLATS[C]AAEAA,False,G
339,340,A,,0.23137821315975915,.,A,0.5,2,2.0,0.23137821315975915,LATSC[A]AEAAS,False,T
340,341,A,,0.10851536242448849,.,A,0.9,2,1.2195121951219512,0.10851536242448849,ATSCA[A]EAASP,False,T
341,342,E,,0.0,.,E,1.0,1,1.0,0.0,TSCAA[E]AASPS,False,G
342,343,A,,0.0,.,A,1.0,1,1.0,0.0,SCAAE[A]ASPSG,False,G
343,344,A,,0.23137821315975915,.,A,0.5,2,2.0,0.23137821315975915,CAAEA[A]SPSGP,False,G
344,345,S,,0.0,.,S,1.0,1,1.0,0.0,AAEAA[S]PSGPL,False,C
345,346,P,,0.0,.,P,1.0,1,1.0,0.0,AEAAS[P]SGPLR,False,C
346,347,S,,0.3437066199654228,.,S,0.5,3,2.6315789473684212,0.3437066199654228,EAASP[S]GPLRE,False,C
347,348,G,,0.3437066199654228,.,G,0.5,3,2.6315789473684212,0.3437066199654228,AASPS[G]PLRER,False,C
348,349,P,,0.4272258362778562,.,P,0.4,4,3.333333333333333,0.4272258362778562,ASPSG[P]LRERG,False,C
349,350,L,,0.23137821315975915,.,L,0.5,2,2.0,0.23137821315975915,SPSGP[L]RERGK,False,C
350,351,R,,0.23137821315975915,.,R,0.5,2,2.0,0.23137821315975915,PSGPL[R]ERGKT,False,C
351,352,E,,0.23137821315975915,.,E,0.5,2,2.0,0.23137821315975915,SGPLR[E]RGKTP,False,C
352,353,R,,0.0,.,R,1.0,1,1.0,0.0,GPLRE[R]GKTPA,False,C
353,354,G,,0.0,.,G,1.0,1,1.0,0.0,PLRER[G]KTPAT,False,C
354,355,K,,0.23137821315975915,.,K,0.5,2,2.0,0.23137821315975915,LRERG[K]TPATP,False,C
355,356,T,,0.3437066199654228,.,S,0.5,3,2.6315789473684212,0.3437066199654228,RERGK[T]PATPT,False,C
356,357,P,,0.16703843262486695,.,T,0.8,2,1.4705882352941173,0.16703843262486695,ERGKT[P]ATPTS,False,C
357,358,A,,0.4074487147360963,.,T,0.5,4,2.941176470588235,0.4074487147360963,RGKTP[A]TPTSQ,False,C
358,359,T,,0.0,.,T,1.0,1,1.0,0.0,GKTPA[T]PTSQF,False,C
359,360,P,,0.0,.,P,1.0,1,1.0,0.0,KTPAT[P]TSQFV,False,C
360,361,T,,0.0,.,T,1.0,1,1.0,0.0,TPATP[T]SQFVF,False,C
361,362,S,,0.0,.,S,1.0,1,1.0,0.0,PATPT[S]QFVFS,False,C
362,363,Q,,0.0,.,Q,1.0,1,1.0,0.0,ATPTS[Q]FVFSF,False,C
363,364,F,,0.23137821315975915,.,F,0.5,2,2.0,0.23137821315975915,TPTSQ[F]VFSFP,False,C
364,365,V,,0.0,.,V,1.0,1,1.0,0.0,PTSQF[V]FSFPV,False,C
365,366,F,,0.0,.,F,1.0,1,1.0,0.0,TSQFV[F]SFPVS,False,C
366,367,S,,0.23137821315975915,.,S,0.5,2,2.0,0.23137821315975915,SQFVF[S]FPVSV,False,C
367,368,F,,0.0,.,F,1.0,1,1.0,0.0,QFVFS[F]PVSVG,False,C
368,369,P,,0.0,.,P,1.0,1,1.0,0.0,FVFSF[P]VSVGV,False,C
369,370,V,,0.0,.,V,1.0,1,1.0,0.0,VFSFP[V]SVGVH,False,C
370,371,S,,0.0,.,S,1.0,1,1.0,0.0,FSFPV[S]VGVHS,False,C
371,372,V,,0.23137821315975915,.,V,0.5,2,2.0,0.23137821315975915,SFPVS[V]GVHSA,False,C
372,373,G,,0.23137821315975915,.,G,0.5,2,2.0,0.23137821315975915,FPVSV[G]VHSAP,False,C
373,374,V,,0.0,.,V,1.0,1,1.0,0.0,PVSVG[V]HSAPS,False,C
374,375,H,,0.0,.,H,1.0,1,1.0,0.0,VSVGV[H]SAPSS,False,C
375,376,S,,0.3437066199654228,.,S,0.5,3,2.6315789473684212,0.3437066199654228,SVGVH[S]APSSL,False,C
376,377,A,,0.3521410031526742,.,A,0.4,3,2.7777777777777772,0.3521410031526742,VGVHS[A]PSSLP,False,C
377,378,P,,0.3437066199654228,.,P,0.5,3,2.6315789473684212,0.3437066199654228,GVHSA[P]SSLPY,False,C
378,379,S,,0.16703843262486695,.,S,0.8,2,1.4705882352941173,0.16703843262486695,VHSAP[S]SLPYL,False,C
379,380,S,,0.3437066199654228,.,S,0.5,3,2.631578947368421,0.3437066199654228,HSAPS[S]LPYLH,False,C
380,381,L,,0.0,.,L,1.0,1,1.0,0.0,SAPSS[L]PYLHS,False,C
381,382,P,,0.3437066199654228,.,P,0.5,3,2.6315789473684212,0.3437066199654228,APSSL[P]YLHSP,False,C
382,383,Y,,0.0,.,Y,1.0,1,1.0,0.0,PSSLP[Y]LHSPI,False,C
383,384,L,,0.0,.,L,1.0,1,1.0,0.0,SSLPY[L]HSPIT,False,C
384,385,H,,0.3148974294721927,.,H,0.5,3,2.380952380952381,0.3148974294721927,SLPYL[H]SPITT,False,C
385,386,S,,0.16703843262486695,.,S,0.8,2,1.4705882352941173,0.16703843262486695,LPYLH[S]PITTS,False,C
386,387,P,,0.0,.,P,1.0,1,1.0,0.0,PYLHS[P]ITTSP,False,C
387,388,I,,0.0,.,I,1.0,1,1.0,0.0,YLHSP[I]TTSPS,False,C
388,389,T,,0.0,.,T,1.0,1,1.0,0.0,LHSPI[T]TSPSC,False,C
389,390,T,,0.0,.,T,1.0,1,1.0,0.0,HSPIT[T]SPSC,False,C
390,391,S,,0.0,.,S,1.0,1,1.0,0.0,SPITT[S]PSC,False,C
391,392,P,,0.0,.,P,1.0,1,1.0,0.0,PITTS[P]SC,False,C
392,393,S,,0.0,.,S,1.0,1,1.0,0.0,ITTSP[S]C,False,C
393,394,C,,0.0,.,C,1.0,1,1.0,0.0,TTSPS[C],False,C
